"Name","Team","G","PA","AB","H","2B","3B","HR","R","RBI","BB","SO","HBP","SB","CS","AVG","OBP","SLG","OPS","wOBA","Fld","BsR","WAR","ADP","playerid"
"Mike Trout","Angels","155","651","523","157","31","4","39","114","105","112","131","10","22","7",".299",".427",".599","1.027",".423","-2.6","3.1","8.2","1.1","10155"
"Giancarlo Stanton","Yankees","150","630","542","152","27","1","58","109","140","77","171","6","2","2",".280",".372",".655","1.027",".416","2.8","-0.6","6.3","8.1","4949"
"Bryce Harper","Nationals","147","616","507","151","28","2","35","100","102","100","122","3","10","6",".298",".413",".570",".983",".406","2.5","0.3","5.6","8.8","11579"
"Joey Votto","Reds","157","658","526","157","31","1","28","94","91","120","104","6","5","2",".299",".432",".520",".951",".400","1.4","-2.7","4.7","19.2","4314"
"Freddie Freeman","Braves","150","630","532","155","35","3","31","92","93","85","134","9","8","5",".291",".395",".541",".935",".389","2.1","-0.2","4.3","21.1","5361"
"Anthony Rizzo","Cubs","157","658","549","154","33","3","34","97","107","84","98","20","9","5",".280",".391",".536",".927",".389","6.3","-1.2","4.7","25.7","3473"
"Paul Goldschmidt","Diamondbacks","157","658","546","157","34","2","31","100","103","100","147","6","17","6",".288",".400",".527",".927",".386","5.0","1.2","4.3","7.6","9218"
"Kris Bryant","Cubs","157","658","553","154","31","3","33","104","95","86","147","13","9","5",".278",".385",".529",".914",".385","2.6","2.2","5.9","15.5","15429"
"Nolan Arenado","Rockies","153","644","578","171","38","5","39","97","118","55","101","4","3","3",".296",".357",".580",".937",".385","9.2","-0.7","5.0","4.5","9777"
"J.D. Martinez","Red Sox","145","609","544","156","33","3","39","90","110","57","164","3","4","2",".287",".355",".575",".930",".384","-0.1","-1.5","3.4","22.8","6184"
"Josh Donaldson","Blue Jays","150","630","532","145","30","2","35","96","100","86","131","6","4","2",".273",".377",".534",".912",".384","5.9","0.2","6.1","32.3","5038"
"Carlos Correa","Astros","155","651","570","168","34","2","30","96","112","72","121","4","8","3",".294",".375",".519",".894",".376","-1.3","1.0","6.1","14.8","14162"
"Aaron Judge","Yankees","153","644","539","136","23","2","42","101","108","93","202","5","7","4",".253",".366",".535",".901",".376","2.5","-0.2","4.3","19.9","15640"
"Charlie Blackmon","Rockies","150","630","563","170","30","7","27","103","78","49","110","11","15","9",".303",".367",".525",".892",".374","-4.8","0.2","3.0","8.4","7859"
"Rhys Hoskins","Phillies","150","630","544","143","26","3","36","91","111","73","140","7","5","3",".263",".355",".522",".877",".369","1.6","0.1","3.6","48.8","16472"
"Mookie Betts","Red Sox","153","644","573","171","39","4","24","100","90","62","73","3","23","6",".298",".366",".505",".871",".367","15.2","4.3","5.6","7.8","13611"
"Edwin Encarnacion","Indians","153","644","546","141","26","1","36","91","108","88","130","5","2","0",".258",".363",".506",".868",".366","0.0","-1.9","2.6","57.6","2151"
"George Springer","Astros","150","630","542","146","27","2","31","99","86","71","137","10","9","6",".270",".364",".497",".861",".366","-2.3","-0.2","4.3","31.4","12856"
"Christian Yelich","Brewers","150","630","549","161","35","3","21","90","80","71","129","4","13","4",".293",".376",".481",".857",".365","0.8","1.8","3.5","44.7","11477"
"Carlos Santana","Phillies","144","604","505","130","27","3","28","80","82","91","97","4","5","2",".257",".372",".488",".859",".365","1.3","-0.5","2.9","173.1","2396"
"Justin Turner","Dodgers","108","455","397","116","25","1","17","59","64","42","65","11","4","1",".292",".371",".485",".856",".364","3.0","0.0","3.5","110.2","5235"
"Cody Bellinger","Dodgers","150","630","553","145","27","3","39","91","110","69","159","3","13","5",".262",".346",".537",".882",".364","3.6","1.1","3.6","26.8","15998"
"Jose Altuve","Astros","155","651","587","184","36","4","20","93","82","50","73","8","28","8",".313",".372",".487",".859",".364","-2.5","0.7","4.8","2.2","5417"
"Anthony Rendon","Nationals","147","616","530","148","35","2","22","86","85","73","100","7","8","4",".279",".370",".478",".849",".361","7.4","0.6","4.6","55.7","12861"
"Manny Machado","Orioles","153","644","583","166","33","1","34","91","99","51","105","3","8","4",".284",".342",".520",".862",".360","5.6","-0.8","5.3","17.3","11493"
"Corey Seager","Dodgers","150","630","561","163","36","2","24","89","87","58","120","5","4","2",".291",".359",".493",".852",".360","4.4","1.1","5.2","43.5","13624"
"Jose Abreu","White Sox","145","609","554","160","32","3","29","77","95","38","115","12","2","1",".289",".345",".515",".860",".359","-2.3","-1.4","2.6","41.0","15676"
"Matt Carpenter","Cardinals","145","609","502","131","32","3","20","87","70","92","127","7","3","3",".261",".380",".455",".835",".359","0.6","-0.4","2.8","187.0","8090"
"Miguel Cabrera","Tigers","150","630","553","158","31","1","26","79","91","68","123","4","1","1",".286",".365",".489",".854",".359","0.4","-4.0","2.4","95.7","1744"
"Marcell Ozuna","Cardinals","147","616","559","160","29","3","30","80","99","50","129","2","2","2",".286",".346",".507",".853",".359","4.4","-0.8","3.4","47.2","10324"
"Jose Ramirez","Indians","153","644","581","173","43","4","20","92","84","52","67","3","20","8",".298",".356",".493",".849",".359","5.1","1.4","4.9","20.4","13510"
"Daniel Murphy","Nationals","142","595","541","166","38","3","19","80","87","44","70","5","4","2",".308",".362",".497",".859",".358","-8.4","-0.1","2.7","91.5","4316"
"Michael Conforto","Mets","140","588","511","133","29","2","30","82","86","64","140","8","3","2",".260",".349",".500",".849",".357","2.2","0.4","4.0","192.0","16376"
"Nelson Cruz","Mariners","150","630","555","148","24","0","36","84","105","61","148","9","1","1",".267",".345",".504",".849",".356","0.0","-2.6","2.4","59.5","2434"
"Yasiel Puig","Dodgers","138","581","512","141","27","3","26","75","85","59","110","5","11","7",".275",".353",".491",".844",".356","5.2","-1.3","3.3","109.5","14225"
"Francisco Lindor","Indians","155","651","581","170","35","4","24","92","83","55","84","4","15","5",".293",".354",".488",".842",".356","11.3","0.8","5.8","20.7","12916"
"Brandon Belt","Giants","142","595","503","131","32","4","21","77","76","83","144","4","5","3",".260",".366",".465",".832",".355","8.1","-0.7","3.2","297.3","10264"
"Miguel Sano","Twins","147","616","534","133","25","2","35","86","101","73","211","4","1","0",".249",".342",".503",".845",".355","-1.8","-1.4","3.4","112.1","12164"
"Eric Thames","Brewers","114","480","412","101","21","3","26","67","69","58","139","6","6","3",".246",".345",".499",".844",".355","-1.7","-0.5","1.5","221.9","3711"
"Ryan Braun","Brewers","136","570","512","144","29","3","25","77","86","49","109","5","13","6",".280",".346",".496",".841",".354","-1.6","-1.4","2.0","121.2","3410"
"Gary Sanchez","Yankees","123","515","465","123","22","0","31","72","90","39","115","6","3","1",".265",".328",".513",".841",".353","-3.2","-0.4","3.5","19.1","11442"
"Joey Gallo","Rangers","152","637","541","119","21","3","42","93","100","86","236","6","7","3",".220",".332",".507",".839",".352","0.6","1.5","2.5","102.8","14128"
"Andrew McCutchen","Giants","147","616","528","142","28","3","23","82","78","75","126","6","10","5",".269",".364",".462",".825",".351","-6.6","-0.1","2.2","93.0","9847"
"Domingo Santana","Brewers","132","553","478","123","25","1","25","74","77","66","164","5","9","5",".258",".352",".470",".822",".351","-4.1","0.4","1.7","101.1","10348"
"A.J. Pollock","Diamondbacks","147","616","557","160","38","6","19","92","68","48","92","5","26","9",".287",".347",".480",".827",".351","4.4","1.9","3.6","68.2","9256"
"Khris Davis","Athletics","150","630","559","140","28","2","38","86","107","59","178","6","4","1",".250",".325",".511",".836",".350","-0.1","-0.9","2.1","67.8","9112"
"Yonder Alonso","Indians","147","616","537","143","29","0","26","80","84","72","132","3","3","1",".266",".354",".469",".823",".350","-1.2","-0.9","2.0","265.3","2530"
"Joc Pederson","Dodgers","92","385","323","77","17","1","18","50","52","52","99","6","6","3",".238",".352",".464",".816",".349","-0.6","-0.1","1.6","394.6","11899"
"Buster Posey","Giants","139","582","512","152","29","1","15","69","75","59","66","5","5","2",".297",".372",".449",".821",".348","7.7","-1.4","4.6","59.8","9166"
"Nicholas Castellanos","Tigers","150","630","577","161","35","7","26","73","92","42","142","4","4","4",".278",".329",".500",".830",".348","-7.1","-1.9","1.8","94.8","11737"
"Gregory Bird","Yankees","100","420","363","89","21","0","22","56","66","48","99","4","1","1",".246",".337",".485",".823",".348","-1.4","-0.4","1.4","174.4","14131"
"Kyle Schwarber","Cubs","124","520","449","106","19","2","30","75","80","62","155","5","2","2",".237",".333",".492",".825",".348","-3.2","0.1","1.7","162.5","16478"
"Brian Dozier","Twins","153","644","561","144","31","3","30","96","84","68","132","7","14","6",".257",".343",".482",".825",".348","-1.1","1.7","3.7","37.2","9810"
"Michael Brantley","Indians","133","560","501","148","33","1","15","72","77","49","68","4","13","3",".295",".360",".457",".817",".348","-1.8","1.6","2.2","240.9","4106"
"Justin Smoak","Blue Jays","150","630","552","139","28","1","32","81","95","70","150","4","1","1",".253",".338",".483",".821",".347","1.1","-1.9","2.2","158.2","9054"
"Andrew Benintendi","Red Sox","147","616","544","154","34","4","18","83","83","60","98","5","16","8",".284",".357",".460",".816",".347","3.5","0.0","2.9","40.8","17901"
"Tommy Pham","Cardinals","146","612","530","141","26","3","22","86","74","69","150","7","20","8",".265",".355",".450",".804",".346","-1.9","1.6","3.2","57.7","2967"
"Willie Calhoun","Rangers","108","455","416","115","20","3","22","60","70","32","62","3","3","2",".277",".330",".494",".824",".346","-1.0","0.0","1.6","270.9","17838"
"Eric Hosmer","Padres","150","630","564","159","28","2","24","79","87","60","112","2","5","2",".281",".350",".462",".812",".346","-0.2","-0.6","2.1","82.6","3516"
"Jake Lamb","Diamondbacks","152","637","550","139","31","6","27","82","95","76","162","5","6","4",".253",".347",".477",".824",".346","-4.8","0.5","2.4","138.4","13329"
"Adrian Beltre","Rangers","145","609","547","155","28","2","23","75","92","51","79","6","2","1",".283",".347",".468",".815",".346","7.6","-1.2","3.6","157.2","639"
"Yoenis Cespedes","Mets","143","602","546","147","30","3","31","81","92","45","124","5","3","2",".268",".327",".505",".832",".346","6.1","0.2","3.1","95.0","13110"
"Justin Bour","Marlins","142","595","527","140","24","0","29","70","93","61","123","2","1","0",".267",".343",".480",".823",".345","-0.1","-1.8","1.7","201.4","9744"
"Carlos Gonzalez","Rockies","125","525","473","128","29","1","23","68","73","46","117","2","3","1",".270",".334",".483",".817",".344","-1.3","0.0","0.7","278.5","7287"
"Alex Bregman","Astros","150","630","562","154","34","5","22","87","82","55","98","6","14","6",".274",".342",".466",".808",".344","0.3","0.1","3.8","32.4","17678"
"Lucas Duda","Royals","133","560","481","114","26","0","29","68","80","66","154","8","1","1",".238",".338",".479",".817",".344","0.1","-0.9","1.7","385.8","2502"
"Matt Olson","Athletics","150","630","546","129","28","1","35","84","96","73","170","5","2","1",".236",".329",".485",".814",".343","1.2","-0.2","2.4","121.8","14344"
"David Dahl","Rockies","25","106","97","27","5","1","4","14","14","7","27","0","3","1",".279",".330",".482",".812",".343","0.4","0.1","0.2","257.6","13744"
"Kyle Seager","Mariners","152","637","566","151","32","2","28","79","92","59","106","7","3","2",".266",".340",".476",".815",".343","2.4","-1.1","3.9","141.2","9785"
"DJ LeMahieu","Rockies","153","644","575","177","28","5","9","87","61","56","90","4","10","6",".308",".371",".421",".792",".343","2.7","-1.0","2.0","137.1","9874"
"Logan Morrison","Twins","145","609","530","133","25","2","29","76","85","69","135","6","4","2",".252",".343",".469",".811",".343","-0.1","-0.6","1.5","272.3","9205"
"Neil Walker","Yankees","120","504","445","119","21","2","21","65","67","49","90","5","2","2",".268",".345",".462",".807",".343","-1.8","-0.6","2.1","385.0","7539"
"Adam Eaton","Nationals","142","595","525","152","29","7","10","82","55","53","99","10","14","6",".289",".364",".428",".792",".343","4.1","1.5","2.5","154.0","11205"
"Dexter Fowler","Cardinals","147","616","523","136","26","7","17","84","63","80","133","6","11","5",".260",".362",".432",".794",".343","-2.8","1.1","2.2","243.4","4062"
"Josh Bell","Pirates","142","595","523","142","26","5","20","72","82","63","102","2","4","4",".272",".350",".457",".807",".343","-2.7","-2.3","1.2","188.2","13145"
"Rafael Devers","Red Sox","137","574","529","148","32","3","23","74","81","40","127","2","7","5",".279",".331",".484",".815",".343","-2.3","-0.7","2.6","115.5","17350"
"Wil Myers","Padres","142","595","521","132","26","3","27","78","81","64","155","4","18","7",".253",".337",".469",".806",".342","0.2","1.2","2.4","64.1","10047"
"Willson Contreras","Cubs","129","542","480","129","26","2","20","66","77","52","116","6","6","5",".268",".344",".456",".799",".342","-0.8","-2.1","3.0","50.6","11609"
"Yulieski Gurriel","Astros","128","539","496","142","37","1","19","68","75","30","72","7","3","2",".285",".333",".477",".810",".342","-3.3","-0.4","1.6","253.8","19198"
"Ryan Zimmerman","Nationals","127","534","484","129","27","1","25","69","85","40","118","3","1","1",".267",".324",".482",".806",".340","-3.6","-0.1","0.8","148.8","4220"
"Mike Moustakas","Royals","142","595","542","145","28","1","30","73","85","40","90","6","1","1",".268",".323",".489",".812",".340","-0.3","-1.8","2.7","135.3","4892"
"Chris Iannetta","Rockies","76","320","274","68","15","0","12","35","40","39","80","4","1","0",".247",".347",".438",".785",".340","-2.2","-0.9","1.0","261.9","8267"
"Hanley Ramirez","Red Sox","82","343","304","81","16","0","14","42","50","33","70","4","3","2",".265",".342",".460",".801",".339","-0.9","-1.0","0.7","312.3","8001"
"Jonathan Lucroy","Athletics","112","469","417","119","25","3","11","53","57","44","63","4","2","1",".285",".356",".438",".794",".339","-1.0","-1.5","2.9","203.9","7870"
"Nomar Mazara","Rangers","150","630","565","154","26","3","25","75","93","53","120","5","3","2",".273",".338",".463",".801",".339","-0.2","-1.0","1.9","152.9","14553"
"Ryan McMahon","Rockies","107","448","406","116","25","3","13","53","55","34","101","2","8","4",".285",".342",".457",".799",".339","2.5","-0.3","0.5","299.4","15112"
"Trea Turner","Nationals","147","616","564","163","30","8","16","89","66","42","119","3","49","13",".288",".339",".454",".793",".338","1.5","5.0","3.7","4.5","16252"
"Xander Bogaerts","Red Sox","150","630","568","163","33","4","15","86","75","51","110","5","11","4",".287",".350",".439",".789",".338","-2.4","2.3","3.4","79.2","12161"
"Shin-Soo Choo","Rangers","150","630","539","139","24","1","21","85","70","73","142","11","10","5",".258",".355",".424",".778",".338","-0.7","-0.3","1.1","258.9","3174"
"Eugenio Suarez","Reds","148","623","544","138","26","2","24","78","80","65","149","8","7","5",".254",".340",".447",".787",".338","1.6","-0.9","2.7","186.5","12552"
"Justin Upton","Angels","150","630","556","136","29","1","32","84","97","65","186","4","12","5",".245",".327",".471",".798",".337","-1.0","1.0","2.5","49.3","5222"
"Robinson Cano","Mariners","152","637","581","164","31","1","23","78","88","46","91","5","2","2",".282",".338",".457",".795",".336","-2.2","-2.2","2.9","88.7","3269"
"Yasmany Tomas","Diamondbacks","15","65","60","16","3","0","3","8","10","4","16","0","0","0",".269",".314",".484",".798",".336","-0.5","-0.2","0.1","379.1","17171"
"Steve Pearce","Blue Jays","95","399","356","91","20","1","17","48","52","34","79","6","1","1",".256",".329",".460",".789",".335","-1.6","-0.4","0.9","605.0","9957"
"Ian Happ","Cubs","138","581","518","131","24","3","28","78","85","52","163","4","11","6",".252",".323",".475",".798",".335","1.1","-0.6","2.3","119.5","17919"
"David Peralta","Diamondbacks","125","525","475","132","27","5","15","66","60","39","95","5","7","3",".279",".338",".449",".787",".335","-0.5","0.4","1.1","268.9","2136"
"Steven Souza Jr.","Diamondbacks","117","490","425","104","19","2","21","62","62","55","148","5","11","5",".244",".336",".445",".781",".335","1.6","0.7","1.2","206.6","5667"
"Chris Davis","Orioles","140","588","507","114","20","0","34","79","87","71","207","6","1","1",".225",".325",".468",".792",".335","1.7","0.2","1.6","251.8","9272"
"Jonathan Schoop","Orioles","153","644","598","161","32","0","31","82","98","30","137","9","2","1",".270",".312",".481",".793",".335","0.6","-0.6","3.0","64.2","11265"
"Curtis Granderson","Blue Jays","97","406","349","85","19","3","15","55","51","49","93","4","4","2",".242",".339",".443",".782",".335","-4.6","0.2","0.9","436.8","4747"
"Seth Smith","","117","490","426","109","25","2","17","62","56","52","104","6","2","1",".255",".343",".439",".782",".335","-2.5","-1.3","1.1","681.0","7331"
"Joe Mauer","Twins","145","609","532","151","31","2","10","73","65","69","97","3","2","1",".284",".367",".405",".772",".334","3.3","-1.7","1.6","393.2","1857"
"Josh Reddick","Astros","125","525","474","132","25","3","16","66","70","44","75","1","7","3",".278",".337",".449",".786",".334","2.3","0.9","2.3","277.6","3892"
"Robbie Grossman","Twins","55","231","197","51","11","1","6","29","24","31","48","1","2","1",".257",".359",".402",".761",".334","-1.0","-0.1","0.4","661.0","5254"
"Avisail Garcia","White Sox","138","581","530","149","24","3","19","71","76","39","128","8","6","4",".282",".338",".445",".783",".333","-2.2","-0.6","1.7","197.7","5760"
"Trey Mancini","Orioles","143","602","554","150","26","4","25","70","80","38","146","5","2","1",".271",".322",".465",".787",".333","-3.4","-0.2","1.3","151.9","15149"
"Jose Martinez","Cardinals","81","341","307","86","16","1","9","40","42","29","62","1","4","2",".281",".343",".435",".778",".333","-1.4","0.1","0.8","251.3","7996"
"Ian Desmond","Rockies","127","534","487","134","23","2","20","69","74","37","128","5","16","6",".275",".329",".452",".781",".333","1.5","1.4","0.5","117.9","6885"
"Trevor Story","Rockies","153","644","577","142","33","5","30","82","93","57","203","5","11","4",".246",".317",".474",".791",".333","0.6","0.8","1.9","113.0","12564"
"Jesse Winker","Reds","100","419","364","99","19","0","10","50","42","46","71","3","4","3",".271",".356",".412",".768",".332","-0.1","-0.4","1.0","318.8","13590"
"Jedd Gyorko","Cardinals","142","597","536","138","23","2","27","67","88","52","130","3","4","3",".257",".324",".458",".782",".332","2.1","-1.1","2.5","344.0","10816"
"Pedro Alvarez","Orioles","8","35","32","8","1","0","2","4","5","3","9","0","0","0",".248",".310",".482",".792",".332","0.0","0.0","0.1","706.8","2495"
"Kendrys Morales","Blue Jays","133","560","508","132","26","1","26","67","87","42","119","5","0","0",".259",".320",".465",".784",".332","0.0","-3.4","0.6","310.0","8610"
"Travis Shaw","Brewers","145","609","545","138","29","2","27","76","88","54","142","5","6","2",".253",".323",".463",".786",".332","-0.5","-0.4","2.1","88.4","11982"
"Yasmani Grandal","Dodgers","69","288","250","59","12","0","13","32","41","34","75","1","1","1",".235",".327",".448",".775",".332","-0.2","-1.0","1.6","219.6","11368"
"Maikel Franco","Phillies","133","560","514","136","29","2","25","66","84","38","88","4","1","0",".265",".318",".470",".788",".331","-4.5","-0.6","1.6","242.6","12179"
"Lorenzo Cain","Brewers","143","602","546","155","28","4","15","79","63","44","103","6","20","5",".283",".341",".432",".773",".331","6.7","1.8","3.0","81.9","9077"
"Matt Joyce","Athletics","108","455","386","91","21","1","17","58","54","60","102","3","3","2",".236",".340",".427",".767",".331","-4.5","-0.1","1.0","469.0","3353"
"Evan Gattis","Astros","130","548","501","127","25","3","28","67","88","36","112","6","1","1",".254",".308",".482",".790",".331","-1.5","-1.4","1.4","141.3","11003"
"Jay Bruce","Mets","135","567","510","126","27","3","27","70","88","49","129","2","3","2",".248",".314",".473",".788",".331","-2.5","-0.6","1.3","161.5","9892"
"Jackie Bradley Jr.","Red Sox","150","630","557","143","31","4","21","80","81","58","148","9","9","3",".257",".335",".440",".774",".331","5.3","1.1","3.2","288.4","12984"
"Ronald Acuna Jr.","","135","567","519","143","25","5","19","67","70","37","150","4","29","17",".275",".325",".451",".776",".331","0.9","-1.3","1.3","100.7","sa877503"
"Yangervis Solarte","Blue Jays","70","294","266","72","16","1","9","34","41","22","36","3","1","0",".272",".331",".444",".775",".330","-2.1","-0.4","1.1","291.3","5352"
"Shohei Ohtani","Angels","83","350","313","80","16","1","14","46","50","32","106","2","4","2",".256",".326",".451",".776",".330","0.0","0.1","0.7","94.8","19755"
"Eloy Jimenez","","25","105","97","26","5","1","5","13","14","7","27","1","1","1",".264",".314",".471",".785",".330","0.0","-0.2","0.3","402.2","sa830373"
"Nick Senzel","","17","70","64","17","4","0","2","8","8","5","15","0","2","1",".272",".331",".441",".772",".330","-0.1","-0.1","0.3","350.9","sa873264"
"Joe Panik","Giants","142","595","530","151","28","5","11","72","61","51","58","5","4","2",".284",".349",".417",".767",".330","1.3","0.0","2.6","382.3","11936"
"Wilmer Flores","Mets","90","376","349","94","18","1","17","44","55","20","55","3","1","1",".271",".313",".470",".783",".329","-1.3","-0.8","1.0","360.6","5827"
"Starling Marte","Pirates","148","623","568","160","30","4","15","81","66","33","124","16","33","11",".282",".338",".427",".765",".329","5.3","2.8","3.2","47.7","9241"
"Evan Longoria","Giants","150","630","575","156","36","3","22","72","85","43","112","4","3","2",".271",".323",".458",".780",".329","2.2","-0.2","2.8","206.2","9368"
"Mark Trumbo","Orioles","128","539","495","123","21","1","29","69","80","40","135","2","1","0",".249",".305",".474",".779",".329","0.0","-1.0","0.6","281.3","6876"
"Matt Adams","Nationals","58","245","225","60","13","1","11","28","39","16","58","1","1","1",".265",".315",".471",".786",".328","0.9","-0.2","0.6","475.5","9393"
"Ji-Man Choi","Brewers","7","29","25","6","1","0","1","3","4","3","7","0","0","0",".247",".330",".443",".773",".328","0.0","0.0","0.1","722.2","5452"
"Yandy Diaz","Indians","25","105","91","25","4","0","1","12","9","12","20","0","1","1",".280",".366",".376",".742",".328","0.0","-0.1","0.4","529.2","16578"
"Corey Dickerson","Pirates","133","560","519","138","31","3","23","68","70","34","131","3","3","3",".265",".313",".473",".785",".328","0.3","-0.6","1.3","225.6","10762"
"Ben Zobrist","Cubs","130","545","471","122","25","3","13","67","60","65","77","3","4","3",".259",".349",".407",".757",".328","0.7","-0.9","1.5","464.7","7435"
"Howie Kendrick","Nationals","43","179","163","47","9","1","3","21","20","13","34","2","4","2",".287",".344",".416",".760",".328","-0.2","-0.3","0.4","481.1","4229"
"Brett Gardner","Yankees","125","525","456","119","21","4","13","72","50","55","100","6","14","4",".260",".344",".410",".755",".328","3.3","2.0","1.8","177.8","9927"
"Scott Schebler","Reds","122","511","459","114","21","4","23","62","73","36","121","11","6","3",".248",".316",".462",".779",".328","-0.8","0.3","1.0","284.3","12225"
"Aaron Hicks","Yankees","133","560","486","121","24","2","19","70","68","65","110","2","13","7",".249",".337",".422",".759",".328","1.2","0.3","2.4","224.3","5297"
"Dustin Pedroia","Red Sox","133","560","500","143","26","0","11","68","60","51","63","2","5","3",".286",".352",".403",".754",".327","5.7","-1.9","2.3","407.1","8370"
"Todd Frazier","Mets","137","574","501","118","23","1","26","70","81","60","127","8","8","5",".235",".324",".443",".767",".327","2.3","-0.6","2.5","286.2","785"
"Max Kepler","Twins","133","560","501","129","28","4","19","67","73","49","109","4","7","3",".257",".326",".443",".769",".327","2.2","1.0","1.7","294.2","12144"
"Devon Travis","Blue Jays","100","420","388","107","27","1","13","54","50","25","81","3","7","3",".275",".321",".447",".768",".327","0.1","0.3","1.7","371.0","13862"
"Randal Grichuk","Blue Jays","142","595","551","134","33","4","32","77","91","35","182","5","6","4",".243",".292",".494",".786",".327","3.7","0.5","2.0","279.4","10243"
"Kole Calhoun","Angels","152","637","563","145","27","3","21","81","77","62","131","6","4","2",".257",".335",".426",".761",".327","5.1","0.3","2.5","279.5","11200"
"Gregory Polanco","Pirates","138","581","524","141","30","3","18","72","71","49","103","2","15","6",".268",".331",".439",".770",".327","4.7","1.3","1.9","144.9","12907"
"Alex Avila","Diamondbacks","90","376","311","70","14","1","12","40","41","60","125","2","1","1",".226",".352",".388",".741",".327","0.6","-1.7","1.3","326.6","7476"
"Derek Dietrich","Marlins","135","568","494","123","26","5","16","64","63","44","125","24","1","1",".249",".337",".423",".760",".327","-4.8","-0.1","0.9","458.6","10542"
"Adam Jones","Orioles","150","630","588","159","26","2","28","79","85","29","112","7","3","1",".271",".310",".463",".774",".326","-5.9","0.8","2.0","148.6","6368"
"Tommy Joseph","Rangers","13","56","52","13","3","0","3","7","8","3","12","0","0","0",".258",".306",".469",".775",".326","-0.2","-0.1","0.0","575.5","10349"
"Stephen Piscotty","Athletics","138","581","511","130","30","2","17","69","70","58","125","7","6","5",".254",".336",".421",".757",".326","3.6","-1.9","1.9","286.4","13367"
"Mitch Moreland","Red Sox","83","350","313","80","20","0","13","41","49","29","78","4","0","1",".254",".324",".445",".769",".326","2.7","-0.8","0.7","413.8","3086"
"Kennys Vargas","Twins","3","14","12","3","1","0","1","2","2","1","4","0","0","0",".239",".322",".443",".765",".326","0.0","0.0","0.0","647.2","12101"
"Luke Voit","Cardinals","12","51","46","12","2","0","2","6","6","4","11","1","0","0",".263",".329",".430",".759",".325","0.1","0.0","0.1","672.0","14811"
"Eddie Rosario","Twins","147","616","575","156","31","4","23","79","82","32","126","2","10","7",".272",".310",".462",".772",".325","4.4","0.2","1.9","125.0","12155"
"Brandon Guyer","Indians","67","280","243","62","14","1","6","34","29","19","54","15","3","1",".256",".344",".397",".741",".325","0.5","0.0","0.7","709.3","2636"
"Kolten Wong","Cardinals","133","560","493","133","26","4","13","66","61","47","86","12","11","4",".270",".346",".415",".761",".325","0.7","1.5","2.2","357.9","12532"
"Aaron Altherr","Phillies","117","491","439","108","24","4","19","60","68","40","129","8","8","4",".246",".318",".448",".766",".325","1.3","-0.5","1.1","286.5","11270"
"Austin Hays","Orioles","23","98","92","26","5","1","4","12","13","4","19","1","1","1",".277",".309",".459",".769",".325","-1.5","-0.3","0.1","354.9","19363"
"Mitch Haniger","Mariners","143","602","537","136","27","3","22","73","73","48","137","9","8","5",".252",".322",".439",".761",".325","3.5","-0.8","2.1","219.1","14274"
"Matt Kemp","Dodgers","58","245","226","60","13","1","11","29","38","15","55","1","1","1",".265",".310",".467",".777",".325","-2.5","-0.9","0.4","300.9","5631"
"Rougned Odor","Rangers","153","644","597","153","30","4","31","85","92","32","139","9","14","8",".256",".301",".475",".776",".325","-6.0","0.6","1.7","104.5","12282"
"Melky Cabrera","","100","420","388","112","23","2","9","47","52","25","48","2","1","1",".288",".331",".429",".760",".325","-5.4","-1.3","0.2","366.3","4022"
"Eduardo Nunez","Red Sox","93","392","368","107","23","1","9","48","48","17","53","3","18","7",".291",".325",".435",".761",".325","-0.2","0.6","1.3","135.8","6848"
"Russell Martin","Blue Jays","107","448","380","88","16","0","16","54","56","54","112","9","2","3",".231",".338",".405",".742",".324","3.4","-1.8","2.6","314.3","4616"
"Jordan Patterson","Rockies","10","42","38","10","2","0","1","5","5","3","11","1","1","0",".258",".318",".442",".760",".324","0.0","0.0","0.0","999.0","15119"
"Ketel Marte","Diamondbacks","147","616","560","160","33","6","9","70","60","45","84","3","13","6",".285",".339",".416",".754",".324","-2.0","0.6","1.5","335.5","13613"
"Jason Kipnis","Indians","133","560","500","130","32","3","15","70","60","47","112","5","11","4",".261",".329",".424",".753",".324","-1.9","1.0","1.8","229.3","9776"
"Marwin Gonzalez","Astros","110","462","419","111","24","1","16","54","60","32","95","5","7","4",".264",".322",".437",".759",".324","0.9","-0.4","1.5","122.7","5497"
"Marcus Semien","Athletics","142","595","532","134","28","3","21","76","68","54","129","2","12","4",".252",".322",".434",".756",".323","-7.2","0.9","2.2","222.5","12533"
"Christian Walker","Diamondbacks","2","7","6","2","0","0","0","1","1","1","2","0","0","0",".251",".314",".448",".762",".323","0.0","0.0","0.0","663.8","13419"
"Nick Delmonico","White Sox","137","574","510","125","27","1","23","69","73","54","138","4","5","2",".244",".320",".435",".755",".323","1.2","-0.1","1.2","430.6","13157"
"Jason Heyward","Cubs","133","560","497","132","25","3","13","64","64","54","85","4","10","4",".265",".339",".406",".745",".323","12.9","0.5","2.2","411.1","4940"
"Odubel Herrera","Phillies","150","630","572","157","32","4","15","76","61","45","138","6","14","7",".274",".332",".423",".755",".323","4.3","0.3","2.4","213.2","11476"
"Jorge Soler","Royals","142","595","519","122","26","1","23","70","74","66","174","5","2","1",".235",".325",".427",".752",".323","-1.8","0.1","0.6","363.8","14221"
"Stephen Vogt","Brewers","53","224","204","52","11","1","8","24","30","17","40","1","0","1",".258",".316",".445",".761",".322","-2.6","-0.4","0.7","375.5","5000"
"Asdrubal Cabrera","Mets","133","560","504","132","30","2","17","66","62","44","95","5","4","2",".263",".325",".429",".754",".322","-10.3","-1.7","0.8","313.2","4962"
"Paul DeJong","Cardinals","147","616","570","147","30","2","27","71","86","34","161","7","3","3",".258",".305",".457",".763",".322","-3.8","-0.9","2.0","151.7","18015"
"Brad Miller","Rays","123","518","451","108","22","4","18","60","62","59","130","3","7","4",".239",".328",".422",".750",".322","-1.0","0.0","0.7","449.2","12775"
"Jabari Blash","Angels","3","14","12","3","0","0","1","2","2","2","5","0","0","0",".210",".320",".425",".745",".322","-0.1","0.0","0.0","692.6","11247"
"Brian McCann","Astros","107","451","397","96","14","1","20","54","67","42","81","7","1","0",".241",".322",".430",".752",".321","-0.9","-1.4","2.2","223.3","4810"
"Austin Barnes","Dodgers","83","350","305","78","16","2","7","40","40","37","59","4","7","2",".256",".342",".394",".736",".321","-0.4","0.0","1.7","209.7","12158"
"Robinson Chirinos","Rangers","114","480","419","96","21","2","21","59","60","43","126","11","3","1",".229",".314",".434",".749",".321","2.1","-0.9","2.4","253.1","3142"
"Addison Russell","Cubs","142","595","531","133","30","3","21","71","80","51","135","7","5","3",".249",".321",".437",".758",".321","10.4","0.2","3.2","264.2","14106"
"Clint Frazier","Yankees","22","91","82","20","4","1","4","11","12","8","24","1","2","1",".245",".311",".446",".756",".321","-0.2","0.0","0.1","527.4","15983"
"Elvis Andrus","Rangers","153","644","588","165","34","4","13","80","69","43","88","3","23","10",".281",".331",".415",".746",".321","-4.8","1.4","2.1","60.3","8709"
"Logan Forsythe","Dodgers","108","455","394","97","21","1","12","52","49","49","105","7","4","3",".246",".336",".398",".735",".320","0.8","-0.5","1.6","404.7","7185"
"Cesar Hernandez","Phillies","137","574","504","137","21","6","7","71","41","60","106","3","15","8",".271",".352",".378",".730",".320","-0.6","0.2","1.6","259.5","10556"
"Gerardo Parra","Rockies","93","390","364","103","22","2","9","46","47","18","67","3","5","4",".284",".320",".431",".751",".320","0.9","-1.0","-0.1","363.0","8553"
"Troy Tulowitzki","Blue Jays","100","420","378","96","18","0","16","47","54","34","80","4","1","1",".254",".320",".429",".748",".320","1.2","-1.4","1.7","404.2","3531"
"Victor Martinez","Tigers","142","595","539","145","23","0","18","61","74","46","91","6","0","0",".269",".332",".415",".747",".320","0.0","-4.5","-0.2","494.0","393"
"Derek Fisher","Astros","70","294","261","63","12","2","11","37","38","28","82","2","9","5",".243",".320",".427",".747",".319","-1.3","-0.2","0.6","383.8","16192"
"Mark Zagunis","Cubs","5","21","18","4","1","0","1","2","2","3","5","0","0","0",".234",".340",".386",".726",".319","-0.1","0.0","0.0","999.0","16565"
"Tyler O'Neill","","3","14","13","3","1","0","1","2","2","1","4","0","0","0",".243",".304",".451",".755",".319","0.0","0.0","0.0","650.2","sa737633"
"Adam Duvall","Reds","123","518","473","113","26","3","25","62","79","33","137","7","4","3",".239",".294",".466",".760",".319","2.7","0.0","0.9","179.9","10950"
"Luis Valbuena","Angels","127","532","461","105","22","1","22","61","71","61","132","3","1","2",".228",".320",".425",".745",".319","-1.8","-1.2","0.9","501.9","4969"
"Zack Cozart","Angels","142","595","535","137","25","5","18","73","68","50","94","4","4","2",".256",".322",".424",".746",".319","11.0","-0.2","3.4","222.2","2616"
"Chris Taylor","Dodgers","150","630","568","148","32","6","14","79","64","52","143","4","17","8",".260",".325",".415",".740",".319","2.0","1.3","2.4","94.4","13757"
"Vladimir Guerrero Jr.","","3","14","12","3","1","0","0","2","2","1","2","0","0","0",".258",".329",".411",".740",".319","-0.1","0.0","0.0","541.2","sa920245"
"Josh Harrison","Pirates","133","560","515","143","30","4","12","66","56","26","89","12","13","6",".277",".324",".418",".742",".318","-0.8","0.9","1.6","269.0","8202"
"Matt Chapman","Athletics","150","630","562","127","28","3","31","78","87","57","191","5","7","5",".226",".300",".453",".754",".318","9.4","0.1","3.2","281.9","16505"
"Raimel Tapia","Rockies","29","121","113","33","6","2","2","14","12","5","20","1","4","2",".293",".326",".419",".745",".318","0.1","0.1","0.0","396.5","14350"
"C.J. Cron","Rays","142","595","545","138","27","2","24","65","82","35","134","9","5","3",".252",".306",".443",".749",".318","0.1","-1.1","0.7","351.5","12546"
"Kevin Kiermaier","Rays","150","630","568","145","27","6","19","76","62","47","134","6","21","8",".254",".317",".426",".743",".318","15.1","2.5","4.1","156.4","11038"
"Matt Holliday","","100","420","370","88","17","0","16","46","57","40","100","5","1","0",".238",".319",".418",".737",".318","0.0","-1.4","-0.1","688.4","1873"
"Anthony Santander","Orioles","67","280","255","65","14","0","11","34","36","18","66","4","3","2",".255",".310",".439",".748",".318","-1.5","-0.3","0.3","605.8","14551"
"Tyler Flowers","Braves","91","384","340","85","16","0","12","37","47","29","99","11","1","1",".251",".329",".402",".731",".317","-3.1","-1.1","1.2","302.0","9134"
"Jurickson Profar","Rangers","60","252","222","58","11","1","5","29","25","23","37","3","3","1",".260",".338",".386",".724",".317","0.5","0.0","0.7","543.4","10815"
"Dan Vogelbach","Mariners","38","161","140","34","6","0","5","18","18","18","36","1","1","0",".244",".333",".398",".731",".317","-0.3","-0.1","0.2","529.8","14130"
"Adam Frazier","Pirates","78","329","296","83","15","3","3","38","29","26","44","3","8","5",".280",".342",".386",".728",".317","0.6","0.1","0.8","417.8","15223"
"Ender Inciarte","Braves","150","630","576","166","26","5","9","79","49","44","80","3","19","8",".288",".339",".395",".734",".317","6.8","1.2","2.5","121.8","4922"
"Yoan Moncada","White Sox","142","595","517","125","20","4","18","74","59","67","171","5","22","11",".241",".332",".399",".730",".317","-0.2","0.5","2.1","132.2","17232"
"Byron Buxton","Twins","150","630","570","143","25","7","22","82","75","46","180","5","26","6",".251",".311",".434",".745",".317","11.5","4.6","3.5","48.9","14161"
"Jorge Polanco","Twins","72","301","273","74","15","2","7","34","35","22","45","1","6","4",".269",".324",".415",".738",".317","-2.3","0.0","0.9","235.7","13152"
"Scooter Gennett","Reds","133","560","518","136","27","3","19","65","74","33","119","4","4","3",".262",".309",".437",".747",".317","-5.6","-0.8","0.8","205.5","10339"
"Jed Lowrie","Athletics","142","595","529","138","33","2","11","69","60","57","95","3","1","0",".261",".335",".396",".730",".317","-2.7","-1.2","1.6","413.8","4418"
"Francisco Cervelli","Pirates","91","384","332","86","15","2","5","38","36","42","78","6","2","2",".259",".351",".362",".712",".317","-2.7","-0.9","1.3","424.1","5275"
"Mike Zunino","Mariners","114","480","428","94","19","0","26","56","69","38","158","9","1","1",".221",".296",".448",".744",".316","-0.8","-0.4","2.4","156.5","13265"
"Mike Tauchman","Rockies","42","178","161","45","8","2","3","20","18","13","32","1","6","3",".278",".332",".404",".736",".316","0.3","-0.2","0.0","999.0","15274"
"J.T. Realmuto","Marlins","122","512","472","127","26","4","13","57","55","31","91","5","8","3",".270",".319",".422",".742",".316","1.5","0.5","2.5","108.6","11739"
"Victor Robles","Nationals","21","90","81","21","4","1","2","10","9","5","18","3","4","2",".262",".325",".407",".732",".316","0.5","-0.2","0.2","304.6","18363"
"Adrian Gonzalez","Mets","70","295","264","68","15","0","9","30","39","26","55","2","1","1",".259",".326",".417",".743",".316","0.6","-1.3","0.2","501.5","1908"
"Devin Mesoraco","Reds","61","256","224","50","10","1","10","27","31","25","59","5","1","1",".224",".315",".418",".733",".316","-2.9","-0.5","0.7","476.1","5666"
"Jeimer Candelario","Tigers","132","553","496","123","31","3","15","62","63","48","123","5","1","1",".249",".319",".417",".736",".316","-0.8","-0.3","1.5","337.5","13621"
"Didi Gregorius","Yankees","147","616","571","153","28","2","21","72","80","31","83","7","5","2",".268",".310",".433",".743",".316","0.7","1.5","2.6","120.4","6012"
"Travis d'Arnaud","Mets","91","384","350","89","19","1","14","41","48","27","65","3","1","0",".255",".312",".431",".743",".315","-2.2","-0.5","1.5","284.2","7739"
"Tyler Naquin","Indians","43","182","164","43","8","1","5","21","19","15","49","1","3","2",".261",".323",".414",".737",".315","-0.8","-0.1","0.2","665.5","13359"
"Ozzie Albies","Braves","152","637","578","153","29","8","13","77","65","46","125","5","22","8",".265",".322",".412",".734",".315","6.2","1.4","2.4","110.9","16556"
"Victor Caratini","Cubs","23","96","86","23","5","1","2","11","11","8","18","1","0","0",".264",".327",".407",".735",".315","-0.7","0.0","0.3","551.2","14968"
"Lonnie Chisenhall","Indians","100","420","380","98","22","2","12","47","55","30","85","4","4","2",".259",".317",".424",".741",".315","-0.5","0.5","0.6","384.7","7571"
"Jose Pirela","Padres","131","550","505","133","27","5","15","61","62","35","100","4","9","5",".264",".314",".423",".737",".315","1.5","-0.4","1.4","354.8","5485"
"Colby Rasmus","Orioles","108","455","407","94","17","1","22","54","64","42","144","2","4","1",".230",".303",".443",".746",".315","4.4","1.1","1.3","530.0","9893"
"Salvador Perez","Royals","102","429","404","105","21","1","19","48","61","16","81","4","1","0",".260",".294",".458",".752",".315","4.9","-1.4","2.3","100.1","7304"
"Dominic Smith","Mets","50","210","193","50","10","1","7","23","26","15","42","1","1","0",".262",".315",".421",".736",".315","1.3","-0.1","0.3","453.9","15653"
"Gleyber Torres","","58","245","219","54","10","1","8","29","28","21","62","2","7","6",".247",".318",".412",".730",".315","-0.7","-1.2","0.6","306.4","sa830372"
"Brandon Crawford","Giants","152","637","570","147","32","4","17","67","82","53","127","5","5","4",".258",".324",".418",".742",".315","8.8","-0.6","3.1","339.2","5343"
"Danny Valencia","Orioles","58","245","223","57","10","1","8","28","31","19","58","1","1","1",".255",".314",".422",".736",".315","-1.8","-0.9","0.3","598.7","6364"
"Hunter Pence","Giants","140","588","534","138","22","5","18","66","73","46","119","3","4","3",".258",".317",".416",".733",".314","0.3","-0.4","0.9","424.4","8252"
"Eduardo Escobar","Twins","105","441","404","105","22","4","13","50","57","29","85","3","3","2",".260",".311",".429",".740",".314","-1.8","0.1","1.3","422.3","6153"
"Miguel Andujar","Yankees","50","210","194","52","11","1","7","24","27","11","34","2","2","1",".267",".309",".431",".739",".314","-0.7","-0.1","0.5","406.8","15878"
"Tyler Austin","Yankees","42","175","157","37","7","1","7","21","24","16","54","1","1","1",".235",".305",".431",".737",".314","0.3","0.0","0.1","652.3","11850"
"Javier Baez","Cubs","146","612","563","145","27","2","25","74","86","35","160","7","13","5",".258",".307",".448",".755",".314","3.7","1.5","1.9","104.9","12979"
"Starlin Castro","Marlins","142","595","556","152","29","1","18","64","70","29","107","4","3","1",".274",".313",".426",".738",".314","-4.1","-0.8","1.1","286.0","4579"
"Ian Kinsler","Angels","147","616","560","144","26","3","18","84","63","43","97","7","12","6",".258",".317",".412",".729",".313","6.7","0.3","2.8","183.6","6195"
"David Freese","Pirates","88","370","323","81","15","0","9","38","41","35","92","8","0","1",".250",".337",".379",".716",".313","-0.4","-1.7","0.5","635.6","9549"
"Hunter Renfroe","Padres","78","329","306","75","16","1","15","37","46","18","88","2","2","1",".246",".291",".455",".746",".313","0.2","0.2","0.6","319.8","15464"
"Whit Merrifield","Royals","145","609","566","157","34","4","12","73","61","31","97","4","25","10",".277",".317",".415",".732",".313","2.4","1.5","2.1","69.0","11281"
"Denard Span","Rays","108","455","411","109","20","3","9","56","38","35","60","3","11","5",".265",".326",".397",".723",".313","-2.3","0.2","0.4","440.2","8347"
"Tommy La Stella","Cubs","48","203","179","47","10","1","3","21","20","20","31","2","1","1",".262",".341",".374",".714",".313","-0.8","-0.3","0.3","678.6","12371"
"Tim Beckham","Orioles","153","644","592","150","24","6","22","76","74","41","177","4","7","6",".254",".305",".428",".732",".312","0.6","-1.0","1.8","259.5","7949"
"Nick Williams","Phillies","99","415","385","97","19","4","16","48","58","21","120","4","4","4",".252",".296",".443",".739",".312","-0.1","-0.8","0.3","316.8","14330"
"Mark Canha","Athletics","18","77","69","17","4","0","2","9","9","6","19","1","1","0",".242",".309",".421",".730",".312","-0.4","0.0","0.1","999.0","11445"
"A.J. Reed","Astros","12","49","43","10","2","0","2","6","7","5","15","0","0","0",".228",".310",".420",".730",".312","0.0","0.0","0.0","630.5","16246"
"Wilson Ramos","Rays","114","480","446","116","18","0","20","49","68","27","83","2","1","0",".260",".302",".437",".739",".312","0.3","-2.1","2.1","158.9","1433"
"Brandon Drury","Yankees","100","420","388","101","24","1","12","45","50","24","83","4","2","1",".261",".309",".423",".732",".312","-2.5","-0.6","0.8","353.7","11615"
"Nick Markakis","Braves","142","595","527","141","29","1","9","61","61","59","94","4","1","2",".267",".343",".377",".720",".312","-2.3","-1.3","0.1","435.1","5930"
"Sam Travis","Red Sox","3","14","13","3","1","0","0","2","1","1","3","0","0","0",".262",".327",".390",".717",".312","0.1","0.0","0.0","681.4","16263"
"Albert Almora Jr.","Cubs","50","210","195","54","11","1","5","23","25","11","33","1","2","1",".275",".312",".419",".731",".312","0.8","-0.2","0.5","390.1","14109"
"Aledmys Diaz","Blue Jays","53","224","206","53","12","1","7","26","26","13","37","2","3","2",".260",".309",".423",".733",".312","-1.7","-0.4","0.5","477.5","15937"
"Andrew Toles","Dodgers","32","133","124","34","7","1","3","15","15","6","27","1","4","3",".271",".310",".420",".730",".311","1.6","-0.1","0.4","502.4","13414"
"Jordan Luplow","Pirates","12","49","44","11","2","0","1","6","6","4","10","1","1","0",".248",".318",".407",".725",".311","0.2","-0.1","0.1","678.9","16424"
"Jesus Aguilar","Brewers","3","14","13","3","1","0","1","2","2","1","4","0","0","0",".240",".304",".427",".731",".311","0.0","0.0","0.0","535.4","11342"
"Tyler White","Astros","15","63","56","14","3","0","2","7","8","5","15","1","0","0",".241",".312",".410",".723",".311","-0.2","-0.1","0.0","652.1","15564"
"Jacoby Ellsbury","Yankees","50","210","188","49","9","2","4","27","21","18","33","2","8","2",".261",".329",".387",".716",".311","-0.5","0.7","0.4","466.5","4727"
"Eric Sogard","Brewers","49","205","179","46","9","1","2","24","17","22","28","2","3","2",".259",".345",".357",".701",".310","0.3","-0.1","0.4","609.8","7927"
"Welington Castillo","White Sox","91","384","350","85","14","0","16","40","50","27","105","4","1","0",".244",".303",".425",".728",".310","0.0","-1.2","1.6","170.9","3256"
"Preston Tucker","Braves","45","191","172","41","8","1","7","22","23","15","45","1","1","1",".239",".304",".425",".728",".310","-1.6","-0.1","0.0","613.7","13633"
"Boog Powell","Athletics","88","371","330","88","13","2","6","43","33","33","65","2","9","7",".265",".334",".374",".708",".310","0.3","-1.1","1.0","591.7","15103"
"Yadier Molina","Cardinals","130","547","504","138","27","1","12","53","66","32","72","4","6","3",".275",".320",".404",".724",".310","6.6","-2.7","2.5","152.3","7007"
"Ronald Guzman","","5","21","19","5","1","0","1","2","2","1","4","0","0","0",".260",".318",".402",".720",".310","0.0","0.0","0.0","659.2","sa659670"
"Carlos Gomez","Rays","142","595","531","127","28","1","19","68","68","43","170","14","18","8",".239",".311",".406",".717",".310","4.1","0.5","1.4","308.7","4881"
"Kyle Tucker","","25","105","96","24","5","1","4","12","14","7","25","1","4","2",".246",".302",".429",".731",".309","-0.4","-0.2","0.1","514.1","sa874240"
"Yunel Escobar","","83","350","318","86","15","1","6","38","29","26","47","3","2","2",".272",".330",".378",".708",".309","-4.9","-1.9","0.1","673.1","4191"
"Garrett Cooper","Marlins","66","278","253","65","15","1","8","29","32","19","61","2","1","1",".257",".312",".412",".725",".309","0.1","-0.1","0.3","637.9","15279"
"Jean Segura","Mariners","147","616","569","156","27","3","13","77","56","33","93","7","23","9",".274",".320",".400",".720",".309","-5.0","1.0","2.0","74.4","5933"
"Manuel Margot","Padres","133","560","514","135","21","8","12","63","50","36","96","3","19","9",".263",".313",".407",".720",".309","7.2","0.3","2.2","137.9","14712"
"Jonathan Villar","Brewers","122","512","457","113","23","2","14","61","52","46","142","2","32","11",".247",".317",".399",".717",".309","-5.3","1.4","0.5","174.4","10071"
"Mikie Mahtook","Tigers","133","560","514","131","26","6","15","62","61","32","134","8","9","3",".255",".308",".412",".720",".309","-0.3","0.5","0.6","344.8","13130"
"Austin Jackson","Giants","98","413","372","98","21","3","6","45","38","33","88","2","7","3",".264",".325",".385",".710",".308","-4.0","0.2","0.5","536.6","9848"
"Jake Bauers","","47","196","172","42","9","1","5","22","20","20","41","1","5","2",".243",".324",".385",".709",".308","0.9","0.1","0.4","493.7","sa737848"
"Enrique Hernandez","Dodgers","103","431","383","90","21","2","14","50","48","42","101","2","4","2",".235",".311",".408",".720",".308","-0.7","0.4","0.9","534.5","10472"
"Kevin Pillar","Blue Jays","150","630","586","158","38","2","14","72","62","30","96","6","16","7",".269",".309",".411",".720",".308","10.4","1.1","2.7","323.2","12434"
"J.P. Crawford","Phillies","142","595","515","122","21","5","12","65","61","72","114","2","7","5",".238",".331",".369",".700",".308","0.6","-0.8","1.5","376.8","15491"
"Jayson Werth","Mariners","5","21","18","4","1","0","1","3","2","2","5","0","0","0",".231",".322",".385",".707",".308","-0.3","0.0","0.0","694.0","1327"
"Chance Sisco","Orioles","61","256","230","58","12","0","6","29","28","19","66","4","2","1",".253",".319",".390",".709",".308","-1.7","-0.1","0.8","350.9","15694"
"Dansby Swanson","Braves","142","595","527","135","29","4","11","64","62","60","125","3","6","3",".255",".333",".385",".717",".308","-0.1","0.4","1.6","383.9","18314"
"Chase Headley","Padres","133","560","495","124","24","1","12","59","54","53","125","6","6","3",".251",".329",".376",".705",".308","0.6","-0.2","1.3","408.3","4720"
"Bradley Zimmer","Indians","143","602","535","127","26","3","17","71","67","53","193","8","28","10",".238",".315",".397",".711",".308","4.2","2.1","2.0","191.9","16221"
"Chris Young","Angels","38","161","143","33","8","1","5","18","17","15","36","2","2","1",".232",".309",".406",".715",".308","-0.9","-0.1","0.2","699.4","3882"
"Colin Moran","Pirates","103","434","396","103","18","2","11","46","50","31","94","2","2","2",".259",".315",".400",".715",".307","0.6","-0.8","0.8","389.6","16909"
"Alex Gordon","Royals","143","602","525","124","24","2","16","66","61","58","150","13","7","4",".236",".325",".381",".706",".307","9.6","0.3","1.5","527.3","5209"
"Jose Osuna","Pirates","12","51","47","12","3","0","1","6","6","3","10","0","0","0",".258",".300",".423",".723",".307","-0.1","-0.1","0.0","652.5","12937"
"Cory Spangenberg","Padres","27","114","104","27","5","1","3","12","11","8","27","1","3","1",".258",".316",".395",".711",".307","-0.7","0.3","0.2","398.7","12294"
"Albert Pujols","Angels","133","560","517","132","18","0","22","58","89","36","80","3","3","1",".255",".305",".420",".724",".307","-0.3","-2.9","-0.1","312.4","1177"
"Brandon Nimmo","Mets","63","265","229","54","11","2","5","29","24","31","68","2","2","2",".237",".331",".366",".697",".307","-1.0","0.0","0.3","476.8","12927"
"Jordy Mercer","Pirates","142","595","534","140","26","4","13","59","64","49","95","4","2","3",".261",".326",".400",".725",".307","-3.6","-0.4","1.2","500.8","6547"
"Andrelton Simmons","Angels","153","644","591","160","31","2","11","70","67","42","64","4","13","6",".271",".321",".389",".710",".307","15.8","-0.3","3.8","219.5","10847"
"Chase Utley","Dodgers","83","348","312","77","17","3","7","39","35","26","64","7","4","1",".246",".316",".390",".706",".307","0.2","0.3","0.7","999.0","1679"
"Rusney Castillo","Red Sox","3","14","13","4","1","0","0","2","2","1","2","0","0","0",".271",".308",".407",".715",".307","0.0","0.0","0.0","658.1","17016"
"Jefry Marte","Angels","27","112","101","24","5","0","4","13","14","8","24","1","1","1",".235",".300",".414",".715",".306","-0.3","-0.1","0.1","999.0","5107"
"James Loney","","25","105","97","27","4","0","2","10","11","7","12","1","0","0",".275",".325",".386",".710",".306","-0.1","-0.4","-0.1","999.0","4556"
"Drew Robinson","Rangers","48","203","178","40","8","1","7","24","23","22","63","1","4","2",".222",".308",".400",".709",".306","0.1","-0.3","0.1","630.9","11761"
"Austin Meadows","","13","56","51","13","3","0","1","6","7","4","10","0","2","1",".253",".307",".412",".719",".306","0.3","0.0","0.1","502.9","sa737440"
"Kurt Suzuki","Braves","60","254","231","59","12","0","7","24","32","15","35","5","0","0",".257",".314",".398",".712",".306","-1.7","-0.8","0.5","363.0","8259"
"Teoscar Hernandez","Blue Jays","30","126","114","27","6","1","4","15","15","9","34","1","4","2",".239",".301",".416",".716",".306","0.6","-0.1","0.2","375.5","13066"
"Abraham Almonte","Royals","7","28","25","6","1","0","1","3","3","2","6","0","1","0",".250",".318",".394",".711",".306","0.0","0.0","0.0","999.0","5486"
"Michael A. Taylor","Nationals","124","520","474","116","21","3","19","58","62","39","166","2","21","8",".244",".303",".419",".722",".306","3.3","0.9","1.2","222.8","11489"
"Lewis Brinson","Marlins","145","609","552","135","27","5","19","66","67","45","141","6","15","8",".244",".305",".413",".718",".306","3.8","-0.1","1.6","275.1","14352"
"Justin Williams","","7","28","26","7","1","0","1","3","3","2","6","0","0","0",".262",".304",".414",".719",".306","0.0","0.0","0.0","702.3","sa737559"
"Scott Kingery","","98","412","379","97","18","4","11","47","46","23","86","5","14","5",".256",".304",".413",".717",".306","1.1","0.8","0.8","269.4","sa857705"
"Daniel Descalso","Diamondbacks","53","223","194","46","9","2","5","24","24","25","49","2","2","1",".237",".325",".376",".702",".306","-1.1","0.2","0.1","646.0","8392"
"Austin Slater","Giants","2","7","6","2","0","0","0","1","1","1","2","0","0","0",".258",".316",".389",".705",".306","0.0","0.0","0.0","682.3","16153"
"Cameron Maybin","Marlins","115","483","428","107","21","3","9","58","45","47","98","2","24","9",".249",".325",".373",".699",".306","-1.9","1.2","0.3","320.4","5223"
"Rob Refsnyder","Rays","50","210","188","48","10","1","4","23","19","18","40","2","4","2",".255",".324",".380",".704",".305","-0.6","-0.1","0.2","999.0","13770"
"Cheslor Cuthbert","Royals","97","406","372","95","20","2","11","42","44","28","79","1","2","1",".255",".307",".402",".709",".305","-0.7","-0.6","0.0","579.4","10473"
"J.D. Davis","Astros","50","210","191","45","9","0","8","24","27","15","63","2","2","1",".236",".294",".422",".716",".305","0.0","-0.2","0.0","632.6","16219"
"Martin Prado","Marlins","117","490","451","123","23","2","8","50","49","31","64","3","2","1",".272",".321",".385",".706",".305","2.5","-1.4","1.0","562.2","3312"
"Brock Holt","Red Sox","20","84","75","19","4","0","1","10","7","7","16","1","1","1",".259",".330",".361",".692",".304","-0.5","0.1","0.1","665.3","9345"
"Tucker Barnhart","Reds","84","352","311","80","17","1","6","30","36","34","59","2","2","1",".258",".332",".382",".714",".304","6.3","-0.9","1.6","322.5","10200"
"Jose Marmolejos","","2","7","6","2","0","0","0","1","1","1","2","0","0","0",".254",".312",".395",".708",".304","0.0","0.0","0.0","999.0","sa598311"
"Bryce Brentz","Mets","2","7","6","2","0","0","0","1","1","0","2","0","0","0",".239",".295",".416",".711",".304","0.0","0.0","0.0","700.3","10607"
"Jose Reyes","Mets","54","228","207","52","9","2","5","28","22","17","33","1","8","3",".252",".310",".396",".706",".304","-2.6","0.6","0.3","328.4","1736"
"Francisco Mejia","Indians","12","51","48","12","3","0","1","6","6","3","9","0","1","0",".259",".301",".414",".715",".304","0.0","0.0","0.2","354.2","16403"
"Renato Nunez","Athletics","5","21","19","4","1","0","1","2","3","1","6","0","0","0",".231",".284",".435",".718",".304","-0.2","0.0","0.0","702.3","14503"
"Matt Duffy","Rays","117","490","449","118","20","3","10","53","51","31","85","4","10","4",".262",".314",".388",".701",".304","1.3","0.2","1.4","444.6","13836"
"Jake Smolinski","Athletics","25","105","95","23","5","1","3","11","11","7","19","2","1","1",".246",".308",".395",".703",".304","-0.4","-0.2","0.1","678.9","5408"
"Jorge Bonifacio","Royals","67","280","254","61","11","2","9","31","30","21","74","2","2","1",".241",".303",".402",".705",".304","-0.2","-0.1","0.1","436.8","12174"
"Brian Goodwin","Nationals","49","206","185","45","10","1","6","24","22","17","55","1","4","2",".242",".307",".400",".708",".303","-0.7","0.0","0.1","608.1","12858"
"Jon Jay","Royals","125","525","468","126","22","3","4","60","41","37","98","13","6","3",".269",".338",".353",".691",".303","-1.9","-0.1","0.5","548.0","5227"
"Jason Castro","Twins","114","480","422","97","23","1","13","53","53","48","136","4","2","1",".230",".314",".384",".698",".303","3.3","-0.6","1.9","381.7","8722"
"Chris Owings","Diamondbacks","71","300","279","74","16","3","6","32","33","15","65","2","9","3",".265",".304",".409",".713",".303","-1.2","0.9","0.1","257.2","10030"
"Tony Kemp","Astros","18","77","70","19","3","1","1","9","7","5","10","1","2","1",".270",".324",".370",".695",".303","-0.4","0.0","0.1","692.5","14894"
"Alex Verdugo","Dodgers","37","154","140","37","7","1","3","16","16","11","21","1","2","1",".262",".317",".385",".702",".303","-0.5","-0.2","0.1","545.6","17027"
"Brian Anderson","Marlins","48","200","180","44","8","1","6","21","22","15","46","3","1","0",".244",".309",".393",".702",".303","0.5","0.0","0.4","522.7","18289"
"Noel Cuevas","","3","14","13","4","1","0","0","1","1","1","3","0","0","0",".270",".307",".403",".710",".303","0.1","0.0","0.0","999.0","sa549566"
"Mitch Garver","Twins","38","160","142","34","8","1","4","18","18","15","40","1","1","1",".237",".313",".385",".697",".303","0.3","-0.1","0.6","562.5","15161"
"Delino DeShields","Rangers","143","602","519","128","21","3","10","84","39","62","148","4","37","13",".246",".329",".356",".685",".303","-1.9","4.4","1.2","172.2","11379"
"Ryon Healy","Mariners","137","574","540","138","26","1","21","62","71","25","133","3","1","1",".256",".291",".422",".713",".303","-1.5","-0.7","0.1","230.2","15447"
"Greg Garcia","Cardinals","57","238","205","51","9","1","2","23","19","26","50","4","3","1",".247",".342",".337",".679",".303","0.2","0.3","0.4","671.4","10951"
"Dilson Herrera","Reds","3","14","13","3","1","0","0","2","2","1","3","0","0","0",".245",".301",".403",".704",".303","0.1","0.0","0.0","695.4","14335"
"Matt Wieters","Nationals","99","416","377","94","19","1","12","41","51","32","83","2","1","0",".249",".309",".396",".705",".302","-0.5","-0.8","1.1","327.8","4298"
"Dustin Fowler","Athletics","70","294","277","71","14","4","8","33","37","12","59","2","9","5",".255",".289",".427",".715",".302","-3.0","-0.4","0.3","361.8","17098"
"Angel Pagan","","33","140","127","33","6","1","3","16","14","10","23","1","3","1",".259",".314",".384",".697",".302","-1.0","-0.1","-0.1","999.0","2918"
"Alex Blandino","","7","28","25","6","1","0","1","3","3","3","7","0","0","0",".233",".313",".378",".692",".302","0.0","-0.1","0.0","999.0","sa602521"
"Casey Gillaspie","","2","7","6","1","0","0","0","1","1","1","2","0","0","0",".231",".305",".397",".702",".302","0.0","0.0","0.0","698.9","sa827177"
"Orlando Arcia","Brewers","142","595","547","142","24","4","16","62","64","39","106","2","15","8",".259",".309",".403",".711",".302","0.4","0.0","1.1","182.6","13185"
"James McCann","Tigers","114","480","439","110","20","2","13","47","55","29","115","6","2","1",".250",".304",".396",".700",".302","4.6","-1.3","1.9","301.2","12859"
"Shed Long","","3","14","13","3","1","0","0","1","2","1","4","0","0","0",".239",".302",".401",".703",".302","-0.1","0.0","0.0","999.0","sa738578"
"Ehire Adrianza","Twins","32","133","119","30","6","1","2","15","14","10","23","2","4","2",".256",".318",".377",".695",".301","0.2","0.0","0.3","682.5","8418"
"Rio Ruiz","Braves","40","166","148","34","7","1","5","18","19","16","44","1","1","1",".233",".308",".391",".698",".301","0.1","-0.1","0.2","677.3","14103"
"Jeremy Hazelbaker","Diamondbacks","7","29","26","6","1","0","1","3","3","2","9","0","1","0",".235",".300",".409",".709",".301","0.0","0.1","0.0","642.9","9399"
"Pat Valaika","Rockies","67","280","260","66","14","1","9","30","35","13","70","1","4","3",".252",".289",".420",".709",".301","0.5","-0.1","-0.2","584.9","14885"
"Keon Broxton","Brewers","25","106","93","20","4","1","4","12","12","11","39","1","5","2",".216",".299",".400",".699",".301","0.3","0.2","0.1","353.5","9253"
"Billy McKinney","","3","14","13","3","1","0","0","2","2","1","3","0","0","0",".241",".303",".398",".701",".301","0.1","0.0","0.0","664.8","sa737528"
"Hernan Perez","Brewers","59","246","231","61","12","2","6","26","29","11","46","1","8","3",".263",".296",".412",".708",".301","1.3","0.6","0.4","387.8","5751"
"Luis Urias","","73","308","272","70","12","2","3","31","24","28","43","4","4","4",".257",".334",".348",".682",".301","0.1","-0.9","0.6","593.5","sa828496"
"Ryan Schimpf","Angels","3","14","12","2","0","0","1","2","2","1","5","0","0","0",".196",".291",".413",".704",".301","-0.1","0.0","0.0","668.3","9953"
"Harrison Bader","Cardinals","8","35","32","8","1","0","1","4","4","2","10","1","1","1",".244",".299",".400",".700",".301","0.1","-0.1","0.0","574.9","18030"
"Mike Gerber","","13","56","51","12","3","0","2","6","6","4","15","0","1","1",".243",".298",".405",".702",".300","0.0","0.0","0.0","717.9","sa550125"
"Roberto Perez","Indians","76","320","275","60","14","1","9","34","38","36","87","2","1","1",".218",".310",".377",".687",".300","3.0","-0.8","1.2","564.8","2900"
"Rob Segedin","Dodgers","15","65","59","14","3","0","2","7","8","4","15","1","0","0",".242",".300",".397",".697",".300","0.0","-0.1","0.1","999.0","11446"
"Danny Jansen","","12","51","46","12","3","0","1","6","5","4","7","1","0","0",".251",".315",".377",".692",".300","-0.1","0.0","0.2","642.4","sa738162"
"Miguel Montero","Nationals","41","173","150","35","5","0","5","17","20","19","40","2","1","1",".231",".322",".366",".689",".299","-2.2","-0.6","0.2","670.1","3364"
"Steve Clevenger","","61","256","231","59","11","1","4","24","25","20","45","2","2","1",".256",".318",".370",".687",".299","-0.3","-0.8","0.7","999.0","9542"
"Rowdy Tellez","","2","7","6","2","0","0","0","1","1","1","2","0","0","0",".241",".302",".396",".699",".299","0.0","0.0","0.0","698.9","sa738437"
"Brett Phillips","Brewers","7","28","25","6","1","0","1","3","3","2","10","0","1","0",".223",".297",".403",".700",".299","0.3","0.0","0.0","559.3","14735"
"Zack Granite","Twins","12","49","45","12","2","0","0","5","4","3","6","0","3","1",".270",".322",".361",".683",".299","0.1","0.0","0.0","643.2","15343"
"Ben Gamel","Mariners","117","490","448","113","22","4","9","54","50","35","109","2","7","3",".253",".308",".385",".693",".298","0.1","0.4","0.4","454.9","12160"
"Kevin Plawecki","Mets","53","224","202","51","10","0","5","21","24","16","39","3","1","0",".250",".311",".381",".692",".298","0.0","0.0","0.7","544.3","13807"
"Kyle Higashioka","Yankees","8","32","29","7","1","0","1","4","5","2","7","0","0","0",".236",".286",".418",".704",".298","-0.2","0.0","0.1","999.0","5517"
"Phillip Ervin","Reds","53","221","197","45","10","1","6","24","23","19","53","3","10","4",".231",".305",".380",".686",".298","0.8","0.4","0.2","665.4","14738"
"Alejandro De Aza","","67","280","250","60","12","3","5","31","28","24","61","3","4","2",".242",".313",".378",".690",".298","-0.8","-0.2","-0.1","999.0","3371"
"Jarrod Dyson","Diamondbacks","67","280","250","65","10","4","3","33","24","20","42","4","20","5",".258",".322",".360",".682",".298","6.0","2.0","0.6","375.0","4866"
"Miguel Gomez","Giants","2","7","7","2","0","0","0","1","1","0","1","0","0","0",".274",".298",".400",".698",".298","0.0","0.0","0.0","999.0","17075"
"Tom Murphy","Rockies","38","160","148","35","8","1","6","18","22","9","52","1","1","1",".234",".284",".418",".703",".298","-0.6","-0.1","0.0","460.7","13499"
"Taylor Motter","Mariners","18","77","70","17","3","0","2","9","9","6","16","0","3","1",".240",".300",".391",".692",".298","-0.4","0.1","0.1","615.8","12399"
"Brandon Phillips","","117","490","462","126","24","1","9","56","49","17","62","6","9","6",".273",".305",".388",".693",".297","-0.9","-1.8","0.4","445.8","791"
"Manny Pina","Brewers","76","320","293","73","16","1","8","33","36","20","64","4","2","1",".249",".302",".387",".689",".297","2.6","-0.4","0.9","349.1","2829"
"Dawel Lugo","","32","133","126","33","6","1","3","14","14","5","19","1","1","0",".265",".296",".401",".697",".297","0.4","0.0","0.2","999.0","sa659207"
"Stephen Drew","","17","70","63","14","4","0","2","7","9","6","14","0","0","0",".229",".296",".396",".693",".297","-0.2","-0.2","0.0","747.0","4251"
"Jose Peraza","Reds","133","560","521","143","19","6","7","57","49","24","74","6","26","10",".275",".313",".375",".687",".297","0.7","1.3","1.1","209.6","13593"
"Sean Rodriguez","Pirates","78","328","292","65","13","1","12","37","37","25","103","6","2","2",".223",".296",".396",".692",".297","-1.0","-0.5","0.1","640.1","6589"
"Ryan O'Hearn","","8","35","32","7","2","0","1","4","4","3","10","0","0","0",".230",".293",".401",".693",".297","-0.1","0.0","0.0","693.7","sa829141"
"Carson Kelly","Cardinals","11","45","41","10","2","0","1","5","5","3","8","0","0","0",".246",".310",".369",".679",".297","0.3","-0.1","0.1","543.0","13620"
"Chad Pinder","Athletics","107","448","414","99","21","2","15","49","52","23","124","6","5","3",".239",".287",".406",".693",".296","-2.2","-1.0","0.0","451.3","15191"
"Dwight Smith","Blue Jays","2","7","6","2","0","0","0","1","1","1","1","0","0","0",".245",".307",".377",".683",".296","0.0","0.0","0.0","999.0","13473"
"Leury Garcia","White Sox","83","350","323","83","13","2","8","39","34","17","77","4","12","6",".257",".301",".387",".688",".296","1.1","-0.1","0.3","493.8","5913"
"Christian Vazquez","Red Sox","107","448","411","107","22","2","7","49","44","28","87","4","7","3",".260",".311",".371",".682",".296","2.7","-0.5","1.4","299.8","9774"
"T.J. Rivera","Mets","19","79","74","20","4","0","1","8","8","3","12","1","0","0",".270",".306",".381",".687",".296","-0.1","0.0","0.0","646.0","12495"
"Pablo Sandoval","Giants","47","197","181","45","9","0","5","20","22","12","35","2","0","1",".251",".300",".389",".689",".296","-0.8","-1.1","0.0","667.5","5409"
"Josh Phegley","Athletics","21","90","82","19","5","0","3","10","11","5","17","1","0","0",".237",".290",".401",".691",".296","-0.2","-0.2","0.3","632.5","9308"
"Dylan Cozens","","12","50","45","10","2","0","2","6","7","4","19","0","1","0",".213",".283",".411",".694",".296","0.0","0.0","0.0","700.7","sa657955"
"Nick Solak","","2","7","6","2","0","0","0","1","1","1","2","0","0","0",".244",".311",".367",".678",".296","0.0","0.0","0.0","999.0","sa874054"
"Ildemaro Vargas","Diamondbacks","2","7","6","2","0","0","0","1","1","0","1","0","0","0",".268",".308",".375",".684",".296","0.0","0.0","0.0","999.0","13324"
"Jose Iglesias","Tigers","142","595","550","148","31","1","7","64","53","30","70","6","10","5",".269",".312",".369",".681",".296","4.2","-0.3","1.6","524.2","10231"
"Christian Villanueva","Padres","32","133","121","28","6","0","4","14","16","9","30","1","1","1",".234",".290",".404",".693",".295","0.1","-0.1","0.2","659.3","11738"
"Carlos Asuaje","Padres","38","161","144","35","7","1","2","16","13","14","30","1","1","1",".246",".315",".358",".673",".295","-0.2","-0.2","0.2","577.2","15197"
"Andrew Knapp","Phillies","53","224","199","46","10","1","5","23","22","22","64","1","1","1",".232",".310",".372",".682",".295","-1.5","-0.1","0.4","624.4","14942"
"Eliezer Alvarez","","2","7","6","2","0","0","0","1","1","0","2","0","0","0",".246",".307",".373",".681",".295","0.0","0.0","0.0","999.0","sa657261"
"Gregor Blanco","Giants","31","130","114","28","5","1","1","15","10","14","28","1","5","2",".244",".325",".346",".671",".295","-0.6","0.3","0.1","708.3","3123"
"Jake Cave","","8","35","32","8","1","0","1","4","4","2","10","0","0","0",".244",".294",".394",".688",".295","0.0","0.0","0.0","999.0","sa597983"
"Daniel Robertson","Rays","83","350","307","72","13","2","6","35","31","33","84","6","2","2",".235",".317",".352",".669",".295","1.0","-0.4","0.7","675.5","14145"
"Guillermo Heredia","Mariners","30","126","112","28","5","0","2","13","10","9","19","3","1","1",".253",".321",".348",".670",".294","0.2","-0.2","0.1","687.9","18721"
"Daniel Palka","","3","14","13","3","0","0","1","2","2","1","4","0","0","0",".222",".282",".412",".694",".294","0.0","0.0","0.0","999.0","sa549449"
"Yan Gomes","Indians","61","256","234","54","11","1","10","28","35","15","66","4","0","0",".230",".284",".406",".689",".294","2.1","-0.1","0.9","391.3","9627"
"Franchy Cordero","Padres","90","378","352","86","14","6","10","41","42","20","119","3","9","5",".243",".288",".403",".691",".294","2.1","0.2","0.2","507.0","14567"
"Dalton Pompey","Blue Jays","8","35","31","8","1","0","1","4","3","3","8","0","1","0",".242",".310",".362",".672",".294","0.1","0.1","0.0","999.0","12797"
"Ramon Laureano","","3","14","13","3","1","0","0","2","1","1","3","0","1","0",".235",".301",".375",".677",".294","0.1","0.0","0.0","999.0","sa829185"
"Yolmer Sanchez","White Sox","122","511","468","116","21","5","11","53","53","30","110","4","9","6",".248",".298",".385",".683",".294","4.7","-0.9","1.1","435.0","11602"
"Patrick Kivlehan","Reds","2","7","6","1","0","0","0","1","1","1","2","0","0","0",".225",".290",".394",".684",".293","-0.1","0.0","0.0","678.8","13910"
"Willy Adames","","8","35","31","7","1","0","1","4","3","3","9","0","1","0",".237",".310",".360",".670",".293","-0.1","0.0","0.1","480.0","sa736655"
"A.J. Ellis","Padres","38","160","140","31","6","0","4","15","17","15","30","3","1","0",".223",".309",".361",".670",".293","1.1","-0.7","0.5","999.0","5677"
"Jett Bandy","Brewers","20","83","75","17","4","0","3","9","10","5","18","2","0","0",".226",".290",".391",".681",".293","0.1","-0.2","0.2","680.9","12508"
"Bruce Maxwell","Athletics","21","90","80","19","4","0","2","9","9","8","20","0","0","0",".240",".310",".358",".669",".293","0.4","-0.2","0.3","468.8","13866"
"Freddy Galvis","Padres","133","560","516","130","24","5","12","58","55","33","100","3","11","4",".253",".299",".385",".685",".293","1.1","0.5","1.2","370.3","6609"
"Dee Gordon","Mariners","148","623","583","164","20","7","4","77","39","27","91","5","46","15",".282",".317",".357",".674",".293","3.7","4.3","1.9","28.7","8203"
"Max Schrock","","2","7","7","2","0","0","0","1","1","0","1","0","0","0",".266",".308",".367",".674",".293","0.0","0.0","0.0","704.7","sa658670"
"Johan Camargo","Braves","119","499","462","120","26","4","8","47","50","25","94","3","2","1",".260",".299",".386",".686",".293","2.6","0.0","0.6","443.4","14950"
"Leonys Martin","Tigers","100","420","386","96","16","3","10","48","42","26","99","3","19","7",".248",".298",".384",".682",".293","4.0","1.4","1.0","392.1","11846"
"Marco Hernandez","Red Sox","7","28","26","7","1","0","0","3","3","1","6","0","0","0",".264",".298",".384",".683",".293","-0.2","0.0","0.0","670.2","13154"
"Max Moroff","Pirates","10","41","35","8","1","0","1","4","4","5","11","0","1","1",".218",".319",".341",".659",".292","0.0","-0.1","0.0","708.8","14556"
"Omar Narvaez","White Sox","38","160","141","36","5","0","2","15","11","16","24","1","0","0",".253",".330",".326",".656",".292","-0.9","-0.1","0.4","661.9","13338"
"Kevan Smith","White Sox","21","90","82","21","4","0","2","9","9","5","17","1","0","0",".251",".300",".373",".674",".292","-0.6","-0.1","0.2","641.7","12284"
"David Wright","Mets","4","15","13","3","1","0","0","2","1","2","4","0","0","0",".229",".310",".356",".666",".292","0.0","0.0","0.0","999.0","3787"
"Matt Szczur","Padres","43","181","160","38","7","1","3","19","16","16","36","2","4","2",".238",".313",".351",".664",".292","-0.3","0.1","0.1","999.0","11255"
"Ryan Rua","Rangers","18","77","70","16","3","0","2","9","8","6","24","1","1","1",".231",".292",".383",".675",".291","0.2","0.0","-0.1","611.1","12409"
"Tomas Telis","Marlins","17","71","66","17","3","1","1","7","7","3","9","1","1","0",".264",".305",".367",".672",".291","-0.6","0.0","0.1","663.5","10067"
"David Bote","","2","7","6","2","0","0","0","1","1","0","2","0","0","0",".239",".301",".369",".670",".290","0.0","0.0","0.0","671.0","sa658323"
"Jake Marisnick","Astros","62","259","236","54","11","1","9","33","30","15","79","4","10","4",".228",".283",".396",".679",".290","0.9","0.5","0.5","540.0","11339"
"Christian Arroyo","Rays","50","210","195","50","11","1","4","21","21","11","40","2","2","1",".255",".299",".378",".677",".290","0.6","-0.1","0.4","546.2","16434"
"Anthony Alford","Blue Jays","22","91","81","19","4","0","2","10","8","8","24","1","3","1",".234",".307",".356",".663",".290","1.2","0.1","0.1","576.3","14329"
"Tyler Wade","Yankees","37","154","138","33","6","1","3","18","13","13","34","1","7","2",".240",".307",".354",".661",".290","0.2","0.4","0.2","597.9","15730"
"Chris Gimenez","Cubs","6","26","22","5","1","0","1","3","2","3","7","0","0","0",".216",".302",".358",".660",".290","-0.2","0.0","0.0","999.0","7324"
"Dixon Machado","Tigers","125","525","472","119","22","2","5","53","42","40","87","4","9","4",".253",".314",".345",".659",".290","2.7","-0.4","0.7","555.8","11472"
"Raudy Read","Nationals","5","19","18","4","1","0","0","2","2","1","4","0","0","0",".247",".290",".386",".676",".290","-0.1","0.0","0.0","999.0","15766"
"Ryan Flaherty","Braves","38","161","142","32","6","1","4","17","16","15","39","2","1","0",".222",".304",".358",".662",".289","0.4","0.1","0.1","999.0","7888"
"Max Stassi","Astros","23","96","86","18","4","0","3","11","11","8","29","1","1","0",".215",".290",".377",".666",".289","-0.2","-0.1","0.3","662.3","10059"
"Ichiro Suzuki","Mariners","53","224","203","53","8","1","2","23","18","16","34","2","3","1",".259",".317",".343",".660",".289","0.3","-0.2","0.0","999.0","1101"
"Sandy Leon","Red Sox","30","128","115","27","6","0","3","14","13","10","30","1","0","0",".237",".302",".364",".666",".289","1.3","-0.2","0.4","554.6","5273"
"Dioner Navarro","","61","256","232","54","9","1","7","25","28","19","54","2","2","2",".235",".295",".373",".668",".289","-1.7","-1.1","0.3","999.0","3179"
"Miguel Rojas","Marlins","75","313","283","74","15","2","2","30","26","21","36","3","3","2",".263",".318",".350",".668",".289","0.8","-0.5","0.3","689.6","7802"
"Tim Locastro","Dodgers","3","14","13","3","1","0","0","1","1","1","2","0","1","0",".253",".306",".356",".662",".289","-0.1","0.0","0.0","655.6","15124"
"Tim Anderson","White Sox","150","630","602","156","27","5","15","68","60","18","164","3","17","6",".258",".282",".395",".678",".289","-3.0","1.1","0.9","197.3","15172"
"Amed Rosario","Mets","147","616","577","149","23","9","10","60","56","28","125","5","19","9",".258",".295",".377",".672",".289","3.7","-0.1","1.3","247.9","15518"
"Mac Williamson","Giants","12","51","46","11","2","0","2","5","6","3","15","1","0","0",".229",".289",".383",".672",".289","-0.1","0.0","0.0","999.0","14158"
"Ryan Howard","","42","175","161","35","7","0","9","17","27","10","54","1","0","0",".219",".269",".423",".691",".289","-2.1","-0.5","-0.5","999.0","2154"
"Gorkys Hernandez","Giants","32","135","121","30","6","1","1","14","11","11","28","1","4","2",".249",".316",".343",".659",".289","0.1","0.1","0.0","726.0","4146"
"Wilmer Difo","Nationals","59","248","228","59","10","2","4","26","22","15","47","2","8","3",".259",".307",".364",".672",".289","1.3","0.6","0.2","448.1","14320"
"Ryder Jones","Giants","7","28","26","6","1","0","1","3","3","2","7","0","0","0",".237",".290",".383",".673",".288","-0.2","0.0","0.0","999.0","15982"
"Gavin Cecchini","Mets","10","43","39","10","2","0","1","4","4","3","7","0","0","0",".251",".306",".355",".660",".288","-0.1","0.0","0.0","999.0","17005"
"Mallex Smith","Rays","88","371","334","82","12","5","4","40","29","29","83","2","26","10",".246",".309",".349",".658",".288","2.8","1.0","0.3","299.0","13608"
"Carlos Tocci","Rangers","30","126","116","31","5","1","1","12","11","6","22","1","1","1",".264",".308",".351",".659",".288","0.5","-0.3","0.0","999.0","14558"
"Steven Duggar","","67","280","250","58","11","2","5","28","24","26","77","1","7","5",".233",".308",".346",".654",".288","0.3","-0.6","0.2","564.0","sa827165"
"Kelby Tomlinson","Giants","53","221","198","51","7","1","1","23","16","19","40","2","9","3",".257",".323",".326",".649",".288","0.0","0.6","0.2","686.2","13005"
"Andrew Susac","Orioles","12","51","45","10","2","0","2","6","6","5","15","0","0","0",".212",".290",".375",".665",".287","-0.4","0.0","0.1","680.3","13132"
"Thairo Estrada","","2","7","6","2","0","0","0","1","1","0","1","0","0","0",".258",".302",".356",".659",".287","0.0","0.0","0.0","999.0","sa739620"
"Mauricio Dubon","","5","21","19","5","1","0","0","2","2","1","3","0","1","0",".253",".299",".363",".662",".287","0.0","0.0","0.0","669.7","sa738378"
"Austin Hedges","Padres","99","416","386","89","18","1","16","40","53","21","104","3","4","2",".232",".275",".404",".679",".287","5.3","-0.1","1.4","253.7","12976"
"Taylor Davis","Cubs","1","6","6","1","0","0","0","1","1","0","1","0","0","0",".242",".299",".361",".659",".287","-0.1","0.0","0.0","999.0","12782"
"Peter Bourjos","Braves","22","93","85","20","4","1","2","10","8","6","23","1","2","1",".235",".288",".381",".669",".287","0.2","-0.1","0.0","999.0","2578"
"Allen Cordoba","Padres","12","50","45","11","2","0","1","5","4","4","10","1","1","1",".240",".302",".358",".660",".286","0.1","0.0","0.0","693.8","15722"
"Phil Gosselin","Reds","19","79","73","19","4","0","1","8","7","4","16","1","1","1",".255",".299",".361",".660",".286","-0.2","0.0","0.0","999.0","10953"
"Joey Rickard","Orioles","35","147","133","33","7","0","2","16","12","10","31","2","3","1",".245",".304",".350",".654",".286","-0.4","0.2","-0.1","700.7","13277"
"Tzu-Wei Lin","Red Sox","3","14","13","3","1","0","0","1","1","1","3","0","0","0",".247",".303",".353",".656",".286","0.0","0.0","0.0","672.7","14678"
"Giovanny Urshela","Indians","35","147","138","35","7","0","3","15","15","7","23","1","0","0",".255",".293",".370",".664",".286","0.5","-0.3","0.1","999.0","10681"
"Juan Lagares","Mets","37","154","143","36","7","1","2","16","13","7","31","2","3","1",".253",".294",".370",".664",".286","2.7","0.1","0.4","631.1","5384"
"Franklin Barreto","Athletics","30","126","117","28","5","1","3","13","13","6","35","1","4","2",".241",".287",".380",".667",".286","-0.3","-0.1","0.1","450.3","15519"
"Nick Ahmed","Diamondbacks","125","525","482","117","22","4","12","54","51","32","102","4","9","6",".243",".294",".377",".671",".286","5.0","-0.3","0.5","611.8","12147"
"Raul Mondesi","Royals","47","196","180","43","8","2","5","21","21","9","54","1","10","3",".239",".279",".394",".673",".286","0.0","0.9","0.3","384.8","13769"
"Adeiny Hechavarria","Rays","133","560","522","136","20","6","7","54","50","28","91","3","6","3",".261",".300",".366",".666",".286","2.8","-0.2","1.2","535.8","10459"
"Cam Perkins","Mariners","2","7","6","2","0","0","0","1","1","0","1","0","0","0",".241",".294",".366",".660",".285","-0.1","0.0","0.0","999.0","13444"
"Matt Davidson","White Sox","133","560","510","106","20","1","25","59","72","39","202","6","1","1",".208",".270",".397",".667",".284","-0.6","-1.1","-1.2","405.9","7226"
"John Hicks","Tigers","55","233","218","53","10","1","6","24","26","11","60","2","4","2",".243",".282",".380",".662",".284","0.7","-0.2","0.1","632.7","12547"
"Jesmuel Valentin","","8","35","32","8","1","0","1","4","3","2","7","0","0","0",".239",".297",".357",".654",".284","0.1","-0.1","0.0","999.0","sa657867"
"Lane Adams","Braves","55","229","208","47","9","1","6","24","24","16","70","2","12","3",".228",".288",".368",".656",".284","0.8","1.1","-0.1","603.4","10767"
"Samir Duenez","","8","35","33","8","2","0","1","4","4","2","7","0","1","0",".242",".283",".380",".663",".284","-0.1","0.0","-0.1","999.0","sa739574"
"Roman Quinn","Phillies","15","64","58","13","2","1","1","7","5","5","17","1","3","2",".233",".298",".349",".648",".284","-0.2","0.0","-0.1","639.5","13546"
"Billy Hamilton","Reds","133","560","508","126","19","7","6","69","39","41","112","2","52","13",".247",".303",".345",".648",".284","10.1","6.5","1.5","71.3","10199"
"Greg Allen","Indians","3","14","13","3","1","0","0","2","1","1","3","0","1","0",".240",".308",".333",".641",".284","0.0","0.0","0.0","638.9","16623"
"Aristides Aquino","","2","7","6","1","0","0","0","1","1","0","2","0","0","0",".223",".272",".397",".670",".284","0.0","0.0","0.0","999.0","sa597058"
"Tony Wolters","Rockies","38","160","141","34","7","1","2","16","14","15","37","1","1","1",".239",".316",".337",".653",".283","1.8","-0.2","0.1","617.7","11470"
"Chris Bostick","Pirates","3","14","13","3","1","0","0","1","1","1","3","0","0","0",".240",".295",".357",".652",".283","0.0","0.0","0.0","702.0","13718"
"Cole Gillespie","","50","210","190","45","9","1","3","20","20","16","46","1","4","2",".239",".300",".347",".648",".283","-2.1","-0.2","-0.5","999.0","5888"
"Kaleb Cowart","Angels","12","49","44","10","2","0","1","5","5","4","12","0","1","1",".233",".293",".359",".653",".283","0.0","0.0","0.0","649.7","11494"
"Juan Centeno","Rangers","35","147","135","35","6","1","2","14","13","9","26","1","1","1",".258",".304",".346",".650",".283","-2.3","-0.3","0.0","999.0","7168"
"Kevin Newman","","3","14","13","3","1","0","0","1","1","1","2","0","0","0",".258",".301",".352",".653",".283","0.1","0.0","0.0","999.0","sa827183"
"Eric Haase","","3","13","12","2","1","0","1","1","2","1","5","0","0","0",".202",".269",".391",".660",".283","0.0","0.0","0.0","999.0","sa601042"
"Mike Marjama","Mariners","35","147","137","32","7","1","4","15","16","7","30","2","1","1",".237",".280",".379",".659",".283","-1.2","-0.2","0.2","714.1","12594"
"Pedro Severino","Nationals","8","32","30","7","1","0","1","3","3","2","6","0","0","0",".248",".295",".357",".652",".283","0.0","0.0","0.0","655.8","14523"
"Michael Hermosillo","","2","7","6","1","0","0","0","1","1","1","2","0","0","0",".231",".300",".343",".644",".283","0.0","0.0","0.0","999.0","sa738413"
"Paulo Orlando","Royals","108","455","427","109","21","3","7","45","40","18","99","5","9","4",".256",".291",".364",".655",".282","2.4","0.0","0.1","663.8","8628"
"Dustin Garneau","Athletics","3","13","12","3","1","0","0","1","1","1","3","0","0","0",".220",".284",".369",".653",".282","0.0","0.0","0.0","725.0","9433"
"Isiah Kiner-Falefa","","3","13","12","3","1","0","0","1","1","1","2","0","0","0",".251",".308",".330",".638",".282","0.0","0.0","0.0","999.0","sa737855"
"Austin Romine","Yankees","30","128","118","29","6","0","3","13","14","7","26","1","1","0",".242",".287",".367",".654",".282","-0.6","-0.1","0.2","648.9","5491"
"Ronald Torreyes","Yankees","33","140","130","34","6","1","1","14","13","6","17","1","2","1",".262",".297",".352",".649",".282","0.4","-0.1","0.1","522.5","11400"
"Nick Hundley","Giants","27","115","107","25","6","0","3","11","13","6","29","0","0","0",".237",".280",".383",".663",".282","-1.4","-0.3","0.0","514.8","3376"
"Rajai Davis","Indians","28","119","109","26","6","1","2","15","10","8","27","1","8","2",".238",".291",".358",".649",".282","-0.6","0.8","-0.1","527.0","3708"
"Lourdes Gurriel Jr.","","3","14","13","3","1","0","0","1","1","1","3","0","0","0",".241",".287",".368",".655",".281","-0.1","0.0","0.0","693.9","sa908697"
"Reese McGuire","","3","13","11","3","1","0","0","1","1","1","2","0","0","0",".235",".297",".349",".646",".281","0.1","0.0","0.0","999.0","sa737505"
"Francisco Pena","Cardinals","12","51","48","11","2","0","2","5","6","2","10","0","0","0",".238",".274",".383",".658",".281","0.3","0.0","0.1","999.0","8298"
"Austin Wynns","","3","13","12","3","1","0","0","1","1","1","3","0","0","0",".238",".296",".346",".642",".281","0.0","0.0","0.0","716.0","sa707785"
"John Ryan Murphy","Diamondbacks","19","79","72","17","4","0","2","8","8","6","15","0","0","0",".235",".289",".360",".649",".281","0.0","0.0","0.0","999.0","10346"
"Blake Swihart","Red Sox","39","162","147","34","7","1","3","18","15","12","41","1","2","1",".233",".295",".347",".642",".281","-0.1","0.1","-0.2","459.2","13176"
"Jacob Nottingham","","3","13","12","2","1","0","0","1","1","1","4","0","0","0",".217",".286",".362",".648",".281","0.0","0.0","0.0","730.3","sa737809"
"Socrates Brito","Diamondbacks","17","70","66","16","3","1","1","7","7","3","16","0","1","1",".244",".279",".378",".657",".280","0.5","0.0","-0.1","701.8","12944"
"Kyle Farmer","Dodgers","11","46","43","10","2","0","1","4","5","2","8","0","0","0",".242",".287",".361",".649",".280","-0.1","-0.1","0.0","999.0","14813"
"Victor Reyes","Tigers","58","245","230","59","9","2","3","24","21","11","42","1","6","4",".259",".295",".354",".649",".280","0.5","-0.2","-0.2","999.0","15487"
"Brandon Dixon","","14","58","54","12","3","0","2","6","7","3","19","0","2","1",".223",".272",".383",".656",".280","-0.1","0.0","-0.1","999.0","sa737637"
"Caleb Joseph","Orioles","76","320","296","68","13","1","9","32","34","17","78","2","1","1",".230",".277",".374",".651",".280","3.5","-0.4","0.8","473.1","7087"
"Elias Diaz","Pirates","46","192","179","45","9","1","2","17","19","10","34","1","2","1",".252",".293",".351",".644",".280","1.2","-0.2","0.3","669.4","11680"
"Chad Wallach","Marlins","11","45","40","9","2","0","1","4","4","4","12","0","0","0",".219",".288",".351",".639",".279","-0.2","0.0","0.0","712.0","17161"
"Charlie Tilson","White Sox","2","7","6","2","0","0","0","1","1","0","1","0","0","0",".246",".296",".346",".642",".279","0.0","0.0","0.0","485.1","12983"
"Raffy Lopez","Padres","8","32","29","6","1","0","1","3","3","3","9","0","0","0",".222",".292",".347",".639",".279","-0.2","0.0","0.0","679.8","12606"
"Yairo Munoz","","65","271","256","63","12","2","6","27","29","11","52","1","7","3",".246",".278",".375",".652",".279","-0.3","0.2","-0.1","999.0","sa657210"
"Tyler Saladino","White Sox","67","280","254","60","10","2","5","29","24","19","61","3","8","3",".235",".292",".346",".638",".279","2.2","0.2","0.3","680.6","10807"
"Ryan Cordell","","57","238","218","48","9","2","7","25","25","16","67","2","5","3",".221",".277",".370",".648",".279","1.6","0.0","0.0","999.0","sa737938"
"Travis Jankowski","Padres","18","77","68","16","3","0","0","8","5","7","18","1","4","1",".236",".313",".307",".620",".278","0.9","0.2","0.0","669.0","13768"
"Hunter Dozier","Royals","20","84","76","16","4","0","2","9","8","7","27","1","1","0",".216",".281",".360",".641",".278","-0.3","0.0","-0.2","585.4","15117"
"Jorge Mateo","","2","7","6","1","0","0","0","1","1","0","2","0","0","0",".230",".274",".374",".649",".278","0.0","0.0","0.0","576.1","sa657910"
"Ramon Torres","Royals","13","56","52","14","2","0","1","5","5","3","8","0","2","1",".258",".294",".343",".637",".277","0.0","-0.1","0.0","678.3","14113"
"Niko Goodrum","Twins","50","210","193","44","8","1","5","22","21","13","58","1","6","2",".229",".281",".362",".643",".277","-0.5","0.1","-0.1","999.0","12092"
"Niko Goodrum","Twins","2","7","6","1","0","0","0","1","1","0","2","0","0","0",".229",".281",".362",".643",".277","0.0","0.0","0.0","999.0","12092"
"Rene Rivera","Angels","46","192","175","39","7","0","6","17","23","12","54","2","1","0",".224",".279",".371",".650",".277","1.0","-0.5","0.4","621.0","3648"
"David Freitas","Mariners","3","13","12","3","1","0","0","1","1","1","2","0","0","0",".232",".290",".343",".633",".277","-0.1","0.0","0.0","999.0","10619"
"Drew Butera","Royals","34","141","128","29","5","1","3","14","13","10","34","1","1","0",".228",".285",".350",".635",".277","-0.9","-0.1","0.1","669.0","3411"
"Hanser Alberto","","17","70","66","17","3","0","1","7","7","2","10","1","1","1",".254",".278",".367",".645",".277","0.7","-0.1","0.0","999.0","11902"
"Alcides Escobar","Royals","117","490","460","119","23","3","5","50","41","17","74","4","9","4",".258",".288",".354",".642",".277","-0.2","0.5","0.3","522.2","6310"
"Rafael Bautista","Nationals","5","21","19","5","1","0","0","2","2","1","4","0","1","0",".255",".301",".328",".629",".277","0.0","0.0","-0.1","999.0","15769"
"Joey Wendle","Rays","83","350","328","79","17","3","7","35","33","14","76","4","6","2",".240",".278",".368",".646",".276","1.6","0.0","0.2","672.6","13853"
"Erik Gonzalez","Indians","3","14","13","3","1","0","0","1","1","1","4","0","0","0",".241",".273",".374",".647",".276","0.1","0.0","0.0","677.0","13369"
"Alberto Callaspo","","25","105","94","22","4","0","1","10","9","9","17","1","1","1",".232",".301",".325",".626",".276","-1.5","-0.6","-0.3","999.0","3336"
"Jorge Alfaro","Phillies","102","430","401","91","17","2","13","42","48","18","140","8","2","2",".226",".270",".374",".644",".276","-1.0","-0.5","0.1","242.9","12180"
"Jose Rondon","White Sox","3","14","13","3","1","0","0","1","1","1","3","0","0","0",".245",".286",".350",".636",".275","0.0","0.0","0.0","999.0","14140"
"J.T. Riddle","Marlins","117","490","456","115","19","2","7","43","46","24","92","2","3","3",".252",".290",".349",".639",".275","0.9","-0.5","0.1","676.4","17642"
"Jesus Sucre","Rays","38","160","149","37","6","0","3","15","17","6","30","2","2","1",".247",".283",".353",".635",".275","0.8","0.0","0.3","658.3","5942"
"Martin Maldonado","Angels","99","416","373","80","15","1","12","40","41","26","105","10","2","2",".215",".283",".353",".636",".275","4.7","-0.9","1.1","405.6","6887"
"Cam Gallagher","Royals","15","64","58","14","3","0","1","6","6","4","10","0","0","0",".236",".291",".340",".630",".274","0.4","0.0","0.1","999.0","12981"
"Grayson Greiner","","8","32","29","7","1","0","1","3","3","2","8","0","0","0",".224",".279",".354",".633",".274","0.2","0.0","0.1","999.0","sa828801"
"Jacob Stallings","Pirates","15","64","59","14","3","0","1","6","6","4","14","1","0","0",".237",".286",".348",".634",".274","0.5","-0.1","0.1","999.0","13723"
"Jack Reinheimer","Diamondbacks","2","7","6","2","0","0","0","1","1","0","1","0","0","0",".242",".296",".327",".623",".274","0.1","0.0","0.0","999.0","14938"
"JaCoby Jones","Tigers","70","294","268","58","11","2","8","30","30","19","97","3","8","4",".218",".276",".358",".634",".274","2.3","-0.1","-0.1","660.4","14818"
"Andrew Stevenson","Nationals","15","63","58","14","2","1","0","6","5","4","14","0","2","1",".248",".297",".327",".624",".274","0.1","0.0","-0.1","999.0","17932"
"Ramon Cabrera","","23","96","89","22","4","0","1","8","9","5","16","0","1","0",".243",".288",".340",".628",".273","-0.4","-0.1","0.0","999.0","10327"
"Jose Lobaton","","23","96","86","19","3","0","2","8","9","8","22","1","0","0",".217",".289",".336",".626",".273","-0.6","-0.2","0.0","690.0","4243"
"Ryan Goins","Royals","15","63","58","14","3","0","1","6","6","4","13","0","1","0",".236",".286",".340",".627",".273","-0.3","-0.1","0.0","679.3","9807"
"Tomas Nido","Mets","8","32","30","7","1","0","1","3","3","2","6","0","0","0",".234",".274",".359",".633",".272","0.1","0.0","0.0","999.0","13755"
"Luis Torrens","Padres","8","32","29","7","1","0","0","3","3","3","7","0","0","0",".229",".299",".325",".624",".272","-0.1","0.0","0.0","699.8","15905"
"Adrian Sanchez","Nationals","8","35","33","8","2","0","0","3","3","2","7","0","1","0",".249",".288",".340",".627",".272","0.0","0.0","0.0","999.0","11338"
"Matt Reynolds","Nationals","3","14","13","3","1","0","0","1","1","1","4","0","0","0",".228",".288",".334",".621",".272","0.0","0.0","0.0","999.0","13788"
"Chris Stewart","Braves","8","32","29","7","1","0","0","2","2","2","5","0","0","0",".242",".304",".312",".617",".272","-0.2","-0.1","0.0","999.0","3878"
"Andrew Romine","Mariners","35","147","134","32","5","1","2","16","11","9","32","2","4","2",".237",".292",".322",".614",".271","0.3","0.0","0.0","656.3","1159"
"Jose Siri","","8","35","33","7","1","0","1","4","4","1","10","0","2","1",".225",".262",".374",".636",".271","0.0","0.0","-0.1","999.0","sa736940"
"Ryan LaMarre","Twins","25","105","95","21","4","0","2","10","9","7","32","1","3","2",".222",".283",".334",".617",".270","0.5","-0.2","-0.2","999.0","10700"
"Braxton Lee","","77","322","290","70","10","2","2","28","22","25","63","2","9","7",".241",".304",".305",".608",".270","2.6","-1.0","-0.6","659.7","sa829053"
"Nolan Fontana","Angels","10","42","36","7","2","0","1","4","3","5","12","0","1","0",".200",".298",".300",".598",".269","0.1","-0.1","0.0","999.0","13267"
"Luis Guillorme","","5","21","19","5","1","0","0","2","1","2","3","0","0","0",".241",".305",".294",".599",".269","0.1","0.0","0.0","999.0","sa737882"
"Eric Stamets","","3","14","13","3","1","0","0","1","1","1","4","0","0","0",".217",".274",".343",".617",".268","0.2","0.0","0.0","999.0","sa621787"
"Zach Vincej","Mariners","7","28","26","6","1","0","0","3","2","2","5","0","0","0",".237",".291",".320",".610",".268","0.0","-0.1","0.0","999.0","13269"
"Meibrys Viloria","","1","6","6","1","0","0","0","1","1","0","1","0","0","0",".227",".273",".344",".617",".268","0.0","0.0","0.0","999.0","sa830182"
"Cliff Pennington","Reds","61","258","230","50","8","1","4","24","22","23","67","1","4","1",".219",".291",".312",".603",".268","0.0","-0.3","-0.4","999.0","3395"
"Magneuris Sierra","Marlins","10","42","39","10","2","0","0","4","3","2","8","0","2","1",".248",".287",".324",".610",".267","0.0","-0.1","-0.1","559.3","17023"
"Oscar Mercado","","2","7","6","1","0","0","0","1","1","0","2","0","0","0",".232",".283",".330",".612",".267","0.0","0.0","0.0","999.0","sa737612"
"Richard Urena","Blue Jays","5","21","20","5","1","0","0","2","2","1","5","0","0","0",".235",".271",".346",".617",".266","-0.1","0.0","0.0","668.1","16411"
"Jonathan Herrera","","50","210","194","46","9","1","2","18","18","12","41","1","3","2",".236",".282",".326",".608",".266","-3.4","-0.3","-0.5","999.0","4182"
"Sergio Alcantara","","12","49","45","11","2","0","0","4","3","3","8","0","1","1",".238",".291",".309",".600",".265","0.0","-0.2","-0.1","999.0","sa739641"
"Stuart Turner","Reds","8","32","29","6","1","0","1","3","3","2","8","0","0","0",".213",".275",".325",".600",".263","0.0","-0.1","0.0","712.0","15207"
"Alfredo Gonzalez","","1","6","6","1","0","0","0","1","0","1","1","0","0","0",".219",".288",".301",".589",".263","0.0","0.0","0.0","999.0","sa505301"
"Juan Graterol","Angels","8","32","30","8","1","0","0","3","3","1","5","0","0","0",".247",".273",".335",".608",".263","0.2","0.0","0.0","999.0","5398"
"Pedro Florimon","Phillies","30","126","114","24","4","1","2","12","11","10","40","1","2","1",".208",".274",".324",".598",".262","0.4","0.0","-0.2","999.0","8385"
"Edmundo Sosa","","2","7","7","2","0","0","0","1","1","0","1","0","0","0",".241",".277",".321",".599",".261","0.0","0.0","0.0","999.0","sa736859"
"Austin Nola","","6","26","23","5","1","0","0","2","2","2","5","0","0","0",".224",".291",".301",".592",".261","0.0","0.0","0.0","999.0","sa577789"
"Adam Engel","White Sox","125","525","472","95","18","4","11","53","44","38","167","7","21","8",".201",".270",".325",".595",".261","2.9","1.2","-0.3","572.5","15082"
"Deven Marrero","Diamondbacks","10","42","39","9","2","0","1","4","4","2","12","0","1","0",".221",".269",".323",".592",".258","0.1","0.0","-0.1","652.8","13325"
"Charlie Culberson","Braves","39","163","152","35","7","1","2","14","13","8","35","1","2","1",".227",".269",".324",".594",".258","0.3","0.0","-0.3","695.3","3298"
"Jose Trevino","","1","6","6","1","0","0","0","1","1","0","1","0","0","0",".231",".264",".335",".598",".258","0.0","0.0","0.0","999.0","sa827368"
"Bubba Starling","","3","14","13","3","1","0","0","1","1","1","4","0","0","0",".210",".260",".330",".589",".256","0.0","0.0","0.0","999.0","sa597751"
"Tyler Ladendorf","","133","560","513","112","23","2","5","51","42","35","121","5","7","4",".218",".273",".301",".575",".254","0.4","-0.3","-1.3","999.0","3211"
"Jeff Mathis","Diamondbacks","69","288","264","56","11","2","5","23","25","18","86","2","2","1",".211",".265",".319",".584",".253","2.5","-0.3","-0.3","681.8","3448"
"Gift Ngoepe","Blue Jays","18","77","69","13","3","1","2","7","7","6","29","1","1","1",".189",".260",".315",".575",".253","0.5","-0.2","-0.1","999.0","10340"
"Luke Maile","Blue Jays","30","128","118","25","6","0","2","12","12","7","29","1","1","1",".208",".257",".319",".576",".251","0.9","-0.1","0.0","694.1","13355"
"Trevor Brown","Giants","3","13","12","3","0","0","0","1","1","1","3","0","0","0",".217",".264",".300",".564",".247","0.0","0.0","0.0","999.0","13895"
"Engelb Vielma","","12","49","45","10","1","0","0","4","3","3","10","0","1","1",".225",".270",".272",".542",".241","0.4","-0.2","-0.1","999.0","sa657416"
"Javy Guerra","","3","14","13","3","1","0","0","1","1","1","5","0","0","0",".191",".233",".305",".538",".232","0.1","0.0","0.0","999.0","sa736916"
"Yadiel Rivera","Marlins","48","201","187","37","6","1","2","16","14","10","56","2","2","2",".196",".241",".274",".515",".226","0.5","-0.2","-0.9","999.0","11863"
"Carlos Ruiz","","0","0","0","0","0","0","0","0","0","0","0","0","0","0",".000",".000",".000",".000",".000","0.0","0.0","0.0","999.0","2579"
"Nolan Reimold","","0","0","0","0","0","0","0","0","0","0","0","0","0","0",".000",".000",".000",".000",".000","0.0","0.0","0.0","999.0","3441"
"Rob Brantly","Braves","0","0","0","0","0","0","0","0","0","0","0","0","0","0",".000",".000",".000",".000",".000","0.0","0.0","0.0","999.0","10655"
"Nate McLouth","","0","0","0","0","0","0","0","0","0","0","0","0","0","0",".000",".000",".000",".000",".000","0.0","0.0","0.0","999.0","3190"
"Geovany Soto","","0","0","0","0","0","0","0","0","0","0","0","0","0","0",".000",".000",".000",".000",".000","0.0","0.0","0.0","999.0","3707"
"Cody Asche","Yankees","0","0","0","0","0","0","0","0","0","0","0","0","0","0",".000",".000",".000",".000",".000","0.0","0.0","0.0","688.0","11997"
"Yu Chang","","0","0","0","0","0","0","0","0","0","0","0","0","0","0",".000",".000",".000",".000",".000","0.0","0.0","0.0","999.0","sa830276"
"Marlon Byrd","","0","0","0","0","0","0","0","0","0","0","0","0","0","0",".000",".000",".000",".000",".000","0.0","0.0","0.0","999.0","950"
"Delmon Young","Orioles","0","0","0","0","0","0","0","0","0","0","0","0","0","0",".000",".000",".000",".000",".000","0.0","0.0","0.0","999.0","2140"
"Coco Crisp","","0","0","0","0","0","0","0","0","0","0","0","0","0","0",".000",".000",".000",".000",".000","0.0","0.0","0.0","999.0","1572"
"Willi Castro","","0","0","0","0","0","0","0","0","0","0","0","0","0","0",".000",".000",".000",".000",".000","0.0","0.0","0.0","700.5","sa830274"
"Alexei Ramirez","Rays","0","0","0","0","0","0","0","0","0","0","0","0","0","0",".000",".000",".000",".000",".000","0.0","0.0","0.0","999.0","5133"
"Stephen Cardullo","Rockies","0","0","0","0","0","0","0","0","0","0","0","0","0","0",".000",".000",".000",".000",".000","0.0","0.0","0.0","999.0","11204"
"Rymer Liriano","Angels","0","0","0","0","0","0","0","0","0","0","0","0","0","0",".000",".000",".000",".000",".000","0.0","0.0","0.0","732.5","4779"
"Steve Tolleson","","0","0","0","0","0","0","0","0","0","0","0","0","0","0",".000",".000",".000",".000",".000","0.0","0.0","0.0","999.0","4450"
"Everth Cabrera","Orioles","0","0","0","0","0","0","0","0","0","0","0","0","0","0",".000",".000",".000",".000",".000","0.0","0.0","0.0","999.0","8155"
"Alex Rios","","0","0","0","0","0","0","0","0","0","0","0","0","0","0",".000",".000",".000",".000",".000","0.0","0.0","0.0","999.0","2090"
"Franklin Gutierrez","","0","0","0","0","0","0","0","0","0","0","0","0","0","0",".000",".000",".000",".000",".000","0.0","0.0","0.0","999.0","3255"
